firstname,lastname,email,profession,Date of Birth,Gender,Marital_status,Nationality
Starla,Felecia,adejumodamilola3@gmail.com,engineer,4/11/1945,XX,Widow/Widower,Comoros
Brandise,Han,adejumodamilola3@gmail.com,doctor,11/2/1997,XX,Single,"Taiwan, Province of China"
Chickie,Annice,adejumodamilola3@gmail.com,doctor,1/5/1941,XX,Widow/Widower,Liberia
Alyssa,Jethro,adejumodamilola3@gmail.com,police officer,9/16/1919,Male,Married,Togo
Fidelia,Hirsch,adejumodamilola3@gmail.com,firefighter,6/16/1982,Female,Widow/Widower,Canada
Sean,Colleen,adejumodamilola3@gmail.com,firefighter,4/16/1989,Male,Married,Poland
Lexine,Kinnard,adejumodamilola3@gmail.com,doctor,5/26/1917,Female,Married,Mozambique
Stephanie,Byrne,adejumodamilola3@gmail.com,developer,3/29/2011,Female,Single,Bhutan
Basia,Dunkin,adejumodamilola3@gmail.com,developer,4/23/1923,Male,Married,"Taiwan, Province of China"
Melodie,Meter,adejumodamilola3@gmail.com,teacher,3/4/1990,XX,Widow/Widower,Lebanon
Correy,Vivle,adejumodamilola3@gmail.com,doctor,12/2/1985,Male,Widow/Widower,New Zealand
Florie,Michella,adejumodamilola3@gmail.com,police officer,4/23/1998,Male,Single,Guadeloupe
Julieta,Lorenz,adejumodamilola3@gmail.com,developer,12/4/1955,XX,Single,"Tanzania, United Republic of"
Jobi,Ortrude,adejumodamilola3@gmail.com,doctor,12/19/2008,Male,Single,Gibraltar
Zaria,Goode,adejumodamilola3@gmail.com,police officer,1/16/2015,Male,Single,Jersey
Judy,Isacco,adejumodamilola3@gmail.com,firefighter,11/6/1956,Male,Single,Botswana
Ellette,Jehu,adejumodamilola3@gmail.com,police officer,7/19/1926,XX,Married,Cuba
Joelly,Alfons,adejumodamilola3@gmail.com,worker,7/6/2008,XX,Single,Uzbekistan
Phylis,McGrody,adejumodamilola3@gmail.com,police officer,12/14/1901,Male,Single,Liberia
Heddie,Waite,adejumodamilola3@gmail.com,firefighter,1/4/1911,Male,Single,Bhutan
Andeee,Florina,adejumodamilola3@gmail.com,doctor,9/4/1997,XX,Married,Puerto Rico
Hope,Hieronymus,adejumodamilola3@gmail.com,developer,5/31/1961,Male,Widow/Widower,Pakistan
Frances,Gaal,adejumodamilola3@gmail.com,worker,6/27/1952,Male,Married,France
Elfreda,Doig,adejumodamilola3@gmail.com,doctor,8/23/1919,XX,Single,Austria
Thalia,Edee,adejumodamilola3@gmail.com,police officer,2/1/1937,Male,Married,Sweden
Cacilie,Bivins,adejumodamilola3@gmail.com,police officer,8/9/1931,Male,Single,Liechtenstein
Adelle,Judye,adejumodamilola3@gmail.com,developer,4/6/1975,XX,Single,Togo
Brietta,Brenn,adejumodamilola3@gmail.com,police officer,6/16/1926,Female,Married,Iceland
Gilda,Tayib,adejumodamilola3@gmail.com,doctor,8/18/1983,Male,Single,Antarctica
Danny,Lareena,adejumodamilola3@gmail.com,doctor,10/21/1944,Female,Single,Nicaragua
Rhea,Bobbee,adejumodamilola3@gmail.com,firefighter,10/17/1916,Female,Married,Pitcairn
Ida,Saunderson,adejumodamilola3@gmail.com,police officer,2/11/1924,XX,Widow/Widower,Egypt
Diena,Marcellus,adejumodamilola3@gmail.com,worker,5/16/1960,XX,Single,"Palestinian Territory, Occupied"
Sallie,Wolfgram,adejumodamilola3@gmail.com,firefighter,6/26/1973,Male,Single,Papua New Guinea
Moyna,Wenda,adejumodamilola3@gmail.com,worker,8/2/1911,Male,Married,Mauritius
Mildrid,Erskine,adejumodamilola3@gmail.com,police officer,5/19/1900,XX,Widow/Widower,Zimbabwe
Stephanie,Morrill,adejumodamilola3@gmail.com,police officer,5/25/1919,Female,Single,Libyan Arab Jamahiriya
Mureil,Mallon,adejumodamilola3@gmail.com,worker,11/25/1914,Female,Single,"Moldova, Republic of"
Tani,Dimitris,adejumodamilola3@gmail.com,worker,3/15/1904,XX,Widow/Widower,Swaziland
Clarice,Autrey,adejumodamilola3@gmail.com,developer,2/12/1913,Female,Married,Slovenia
Lulita,Selway,adejumodamilola3@gmail.com,worker,1/7/1982,XX,Single,Saudi Arabia
Philis,Aldric,adejumodamilola3@gmail.com,worker,12/28/1987,Male,Married,Cuba
Doro,Hazlett,adejumodamilola3@gmail.com,developer,11/8/1981,XX,Single,Angola
Keelia,Annice,adejumodamilola3@gmail.com,worker,2/19/2002,Female,Single,Burundi
Jsandye,Atonsah,adejumodamilola3@gmail.com,firefighter,4/16/1921,Male,Single,Faroe Islands
Antonietta,Hailee,adejumodamilola3@gmail.com,doctor,2/6/1985,XX,Single,Liechtenstein
Carree,Maroney,adejumodamilola3@gmail.com,doctor,3/18/1992,XX,Married,Sao Tome and Principe
Vivia,Kenwood,adejumodamilola3@gmail.com,worker,3/29/1923,Female,Married,Reunion
Charissa,Bivins,adejumodamilola3@gmail.com,firefighter,2/28/2005,Male,Single,Singapore
Myrtice,Sheedy,adejumodamilola3@gmail.com,police officer,8/29/1963,Female,Widow/Widower,"Macedonia, The Former Yugoslav Republic of"
Lacie,Kendrick,adejumodamilola3@gmail.com,worker,10/25/1931,XX,Widow/Widower,Lebanon
Sara-Ann,Karylin,adejumodamilola3@gmail.com,firefighter,3/6/1901,Male,Widow/Widower,Bosnia and Herzegovina
Chandra,Macey,adejumodamilola3@gmail.com,police officer,10/4/1993,Female,Widow/Widower,New Zealand
Minda,Sigfrid,adejumodamilola3@gmail.com,police officer,5/2/1975,Female,Single,American Samoa
Fernande,Afton,adejumodamilola3@gmail.com,police officer,2/7/1973,Female,Widow/Widower,Antigua and Barbuda
Merrie,Giule,adejumodamilola3@gmail.com,developer,10/19/2004,Female,Widow/Widower,Chile
Cassondra,Ashely,adejumodamilola3@gmail.com,doctor,4/20/1913,Male,Single,Pitcairn
Lenna,Schenck,adejumodamilola3@gmail.com,police officer,12/15/1963,Female,Married,"Lao People""S Democratic Republic"
Livvyy,Artie,adejumodamilola3@gmail.com,worker,11/26/1933,Male,Married,Canada
Rayna,Nerita,adejumodamilola3@gmail.com,firefighter,2/8/1923,Female,Widow/Widower,Bermuda
Ketti,Dorine,adejumodamilola3@gmail.com,developer,3/8/1917,Female,Widow/Widower,Sierra Leone
Hildegaard,Darbie,adejumodamilola3@gmail.com,worker,12/6/1934,Female,Widow/Widower,Northern Mariana Islands
Phylis,Girardo,adejumodamilola3@gmail.com,firefighter,5/24/1985,XX,Single,Papua New Guinea
Noelle,Armanda,adejumodamilola3@gmail.com,doctor,2/20/1957,Female,Single,Vanuatu
Jean,Thornburg,adejumodamilola3@gmail.com,worker,5/24/1926,XX,Single,China
Sindee,Uund,adejumodamilola3@gmail.com,police officer,5/11/1940,XX,Married,Solomon Islands
Lesly,Angelis,adejumodamilola3@gmail.com,doctor,5/1/1995,XX,Married,Canada
Maisey,Harriman,adejumodamilola3@gmail.com,doctor,9/29/2008,XX,Single,Yemen
Nananne,Frendel,adejumodamilola3@gmail.com,firefighter,5/25/1910,XX,Single,French Polynesia
Dede,Flita,adejumodamilola3@gmail.com,worker,8/26/1972,Male,Married,Maldives
Camile,Gibbeon,adejumodamilola3@gmail.com,firefighter,8/26/2018,XX,Single,Latvia
Dode,Mandler,adejumodamilola3@gmail.com,firefighter,3/31/2011,Female,Widow/Widower,Nauru
Doralynne,Adalbert,adejumodamilola3@gmail.com,developer,1/16/1984,Female,Married,United Arab Emirates
Sandie,Wittie,adejumodamilola3@gmail.com,developer,2/22/2019,Female,Single,Mauritania
Sonni,McLaughlin,adejumodamilola3@gmail.com,police officer,5/30/1998,Female,Married,Malaysia
Tiffie,My,adejumodamilola3@gmail.com,firefighter,9/29/1915,XX,Married,Egypt
Nelle,Ludewig,adejumodamilola3@gmail.com,police officer,3/3/1969,Male,Widow/Widower,India
Janey,Sperling,adejumodamilola3@gmail.com,doctor,3/6/1953,Female,Married,Marshall Islands
Paulita,Felecia,adejumodamilola3@gmail.com,developer,7/23/1922,XX,Widow/Widower,Uzbekistan
Di,Kinnard,adejumodamilola3@gmail.com,worker,9/18/1999,Male,Married,Ecuador
Noelle,Lanita,adejumodamilola3@gmail.com,worker,2/1/2003,Male,Married,Sao Tome and Principe
Benita,Wu,adejumodamilola3@gmail.com,doctor,5/5/1946,Female,Married,Ireland
Clary,Kat,adejumodamilola3@gmail.com,firefighter,10/29/1945,Male,Single,Burundi
Constance,Uird,adejumodamilola3@gmail.com,firefighter,10/3/2010,Female,Single,Denmark
Gusella,Schalles,adejumodamilola3@gmail.com,police officer,10/15/2008,Male,Married,British Indian Ocean Territory
Michaelina,Mathilde,adejumodamilola3@gmail.com,doctor,12/12/1911,XX,Single,Yemen
Cacilie,Astra,adejumodamilola3@gmail.com,doctor,2/17/1938,XX,Married,Antarctica
Sissy,Jacqui,adejumodamilola3@gmail.com,doctor,2/28/1985,XX,Married,Timor-Leste
Sarette,Arathorn,adejumodamilola3@gmail.com,doctor,9/22/1967,Female,Widow/Widower,Fiji
Deane,Zrike,adejumodamilola3@gmail.com,doctor,3/31/1981,Female,Single,Equatorial Guinea
Jorry,Callista,adejumodamilola3@gmail.com,worker,2/5/1985,XX,Single,Hong Kong
Ronna,Silvan,adejumodamilola3@gmail.com,police officer,1/7/2007,Male,Single,Solomon Islands
Deirdre,Terrence,adejumodamilola3@gmail.com,doctor,12/14/1995,Male,Widow/Widower,Central African Republic
Tiffie,Naashom,adejumodamilola3@gmail.com,developer,3/23/1977,Male,Married,Gabon
Fawne,Larochelle,adejumodamilola3@gmail.com,worker,9/7/1933,Female,Widow/Widower,Central African Republic
Berta,Louanna,adejumodamilola3@gmail.com,police officer,12/21/1958,Female,Widow/Widower,Barbados
Meg,Emanuel,adejumodamilola3@gmail.com,worker,10/4/1909,Male,Married,Bhutan
Flory,Nisbet,adejumodamilola3@gmail.com,firefighter,3/17/1918,XX,Married,Nigeria
Margarette,Susannah,adejumodamilola3@gmail.com,worker,12/3/1999,Male,Single,Saint Vincent and the Grenadines
Brietta,Daegal,adejumodamilola3@gmail.com,doctor,3/1/1937,Female,Married,Liechtenstein
Chastity,Therine,adejumodamilola3@gmail.com,doctor,1/19/1937,XX,Widow/Widower,Iraq
Florencia,Toni,adejumodamilola3@gmail.com,developer,7/22/2010,Male,Married,Aruba
Ketti,Cecile,adejumodamilola3@gmail.com,firefighter,2/1/1944,XX,Single,Spain
Dulcinea,Izaak,adejumodamilola3@gmail.com,worker,10/1/1915,Female,Married,Czech Republic
Edee,McGrody,adejumodamilola3@gmail.com,developer,7/23/1955,Male,Married,Liberia
Peri,Granoff,adejumodamilola3@gmail.com,police officer,8/18/1984,XX,Married,Chile
Dyann,Colyer,adejumodamilola3@gmail.com,developer,7/15/1908,Female,Married,Saudi Arabia
Lexine,Tjon,adejumodamilola3@gmail.com,worker,8/14/2007,Male,Single,Liechtenstein
Ketti,Connelly,adejumodamilola3@gmail.com,developer,1/4/1950,Female,Married,Guam
Celestyna,Jethro,adejumodamilola3@gmail.com,worker,8/7/1921,Female,Married,Fiji
Wileen,Libna,adejumodamilola3@gmail.com,worker,6/13/1963,Female,Single,Slovenia
Jenda,Rudolph,adejumodamilola3@gmail.com,police officer,8/1/1936,Female,Widow/Widower,Lebanon
Harmonia,Burkle,adejumodamilola3@gmail.com,worker,8/29/1943,Female,Single,Wallis and Futuna
Dania,Ezar,adejumodamilola3@gmail.com,worker,3/10/1969,XX,Single,"Iran, Islamic Republic Of"
Nessie,Fontana,adejumodamilola3@gmail.com,developer,11/10/1990,Female,Single,Ecuador
Madalyn,Garek,adejumodamilola3@gmail.com,developer,6/14/1978,Female,Married,Swaziland
Jenda,Tiffa,adejumodamilola3@gmail.com,doctor,9/26/1959,Male,Single,Mozambique
Angelique,Rillings,adejumodamilola3@gmail.com,worker,9/11/1963,Female,Married,Martinique
Gerianna,Rhu,adejumodamilola3@gmail.com,police officer,4/25/1941,XX,Single,Burkina Faso
Robinia,Ader,adejumodamilola3@gmail.com,worker,11/17/1970,Male,Single,Central African Republic
Evaleen,Erlandson,adejumodamilola3@gmail.com,developer,8/12/1942,Female,Married,Benin
Randa,McNully,adejumodamilola3@gmail.com,developer,8/23/1934,XX,Widow/Widower,Ecuador
Beverley,Brittani,adejumodamilola3@gmail.com,firefighter,10/8/1908,XX,Widow/Widower,Belgium
Valeda,Jeanne,adejumodamilola3@gmail.com,worker,7/12/1987,XX,Single,Uruguay
Janis,Fabiola,adejumodamilola3@gmail.com,worker,9/8/2011,Male,Single,"Tanzania, United Republic of"
Dyann,Hanshaw,adejumodamilola3@gmail.com,doctor,5/2/1962,Female,Single,"Macedonia, The Former Yugoslav Republic of"
Betta,Suzetta,adejumodamilola3@gmail.com,developer,4/24/1901,XX,Married,Netherlands Antilles
Xylina,Cullin,adejumodamilola3@gmail.com,firefighter,12/11/1915,XX,Married,Venezuela
Noelle,Dowski,adejumodamilola3@gmail.com,developer,3/11/1928,Female,Married,Fiji
Coral,Taima,adejumodamilola3@gmail.com,police officer,9/10/1986,XX,Married,Timor-Leste
Margalo,Berard,adejumodamilola3@gmail.com,doctor,3/1/1917,Female,Single,Saint Lucia
Gerrie,McLaughlin,adejumodamilola3@gmail.com,worker,3/7/1987,Female,Widow/Widower,Nauru
Helsa,Arne,adejumodamilola3@gmail.com,firefighter,2/15/1922,XX,Married,Zambia
Aeriela,Minetta,adejumodamilola3@gmail.com,doctor,11/14/1938,XX,Widow/Widower,Zimbabwe
Judy,Pattin,adejumodamilola3@gmail.com,firefighter,11/18/1979,XX,Single,Western Sahara
Marita,Alice,adejumodamilola3@gmail.com,worker,5/27/1964,Male,Widow/Widower,Oman
Amelia,Michella,adejumodamilola3@gmail.com,developer,1/2/1909,XX,Widow/Widower,Armenia
Elfreda,Graig,adejumodamilola3@gmail.com,developer,11/4/1983,XX,Married,Bahamas
Candy,Monk,adejumodamilola3@gmail.com,developer,5/28/1951,Male,Widow/Widower,Zambia
Glynnis,Gunn,adejumodamilola3@gmail.com,police officer,8/26/1954,XX,Widow/Widower,"Cote D""Ivoire"
Kathy,Leler,adejumodamilola3@gmail.com,developer,4/13/2002,XX,Single,Niger
Viki,Ferino,adejumodamilola3@gmail.com,firefighter,6/28/2015,Female,Widow/Widower,Bhutan
Lelah,Jefferey,adejumodamilola3@gmail.com,developer,7/19/2005,XX,Single,Niger
Queenie,Center,adejumodamilola3@gmail.com,worker,3/8/1945,Male,Widow/Widower,Mali
Dennie,Ardeha,adejumodamilola3@gmail.com,worker,12/31/1934,Female,Single,Madagascar
Goldie,Gaspard,adejumodamilola3@gmail.com,worker,7/11/1952,Female,Married,Libyan Arab Jamahiriya
Perry,Calhoun,adejumodamilola3@gmail.com,doctor,9/25/1997,Female,Single,Israel
Fred,Lenny,adejumodamilola3@gmail.com,police officer,5/18/1943,XX,Married,Uzbekistan
Melodie,Christal,adejumodamilola3@gmail.com,developer,12/14/1970,Male,Single,Chile
Adelle,Cullin,adejumodamilola3@gmail.com,police officer,9/3/1958,XX,Widow/Widower,Saint Helena
Angelique,Raul,adejumodamilola3@gmail.com,developer,9/29/1968,XX,Married,Azerbaijan
Selia,Zachary,adejumodamilola3@gmail.com,police officer,10/10/2000,XX,Widow/Widower,AndorrA
Edyth,Westphal,adejumodamilola3@gmail.com,developer,7/8/1919,XX,Widow/Widower,New Zealand
Sue,Milson,adejumodamilola3@gmail.com,doctor,7/14/1909,Male,Single,Indonesia
Jsandye,Obed,adejumodamilola3@gmail.com,police officer,5/7/1966,XX,Single,Austria
Leeanne,Albertine,adejumodamilola3@gmail.com,worker,8/5/1916,XX,Widow/Widower,France
Nataline,Xerxes,adejumodamilola3@gmail.com,developer,9/26/2000,Female,Single,Sweden
Ericka,Konyn,adejumodamilola3@gmail.com,worker,4/30/1994,XX,Widow/Widower,Mauritius
Ernesta,Kauppi,adejumodamilola3@gmail.com,developer,9/14/1973,XX,Single,Egypt
Jolyn,Joli,adejumodamilola3@gmail.com,firefighter,9/24/1909,Male,Widow/Widower,Ireland
Lexine,Marsden,adejumodamilola3@gmail.com,worker,4/8/1955,Male,Married,Mexico
Maye,Dowski,adejumodamilola3@gmail.com,firefighter,3/17/1912,Female,Single,Mali
Halette,Eiser,adejumodamilola3@gmail.com,doctor,4/9/1982,Male,Single,Pitcairn
Kate,Calhoun,adejumodamilola3@gmail.com,doctor,9/8/2019,Female,Widow/Widower,"Taiwan, Province of China"
Bettine,Havens,adejumodamilola3@gmail.com,police officer,1/3/1984,Male,Widow/Widower,"Korea, Democratic People""S Republic of"
Ivett,Kirbee,adejumodamilola3@gmail.com,doctor,4/22/1904,XX,Widow/Widower,Albania
Eugine,Natica,adejumodamilola3@gmail.com,firefighter,3/15/1997,XX,Married,Uruguay
Orsola,Milson,adejumodamilola3@gmail.com,worker,6/7/1948,Male,Married,Spain
Susan,Bollay,adejumodamilola3@gmail.com,developer,7/29/1950,Male,Single,Uganda
Ronna,Justinn,adejumodamilola3@gmail.com,doctor,12/24/1910,Male,Married,Mayotte
Aurelie,Baptlsta,adejumodamilola3@gmail.com,doctor,3/25/1973,Male,Widow/Widower,RWANDA
Edee,Arvo,adejumodamilola3@gmail.com,developer,4/18/1907,XX,Widow/Widower,Nigeria
Candi,Othilia,adejumodamilola3@gmail.com,worker,8/29/1981,XX,Single,New Zealand
Lucy,Stover,adejumodamilola3@gmail.com,developer,2/10/1908,XX,Married,Mexico
Gabi,Madaih,adejumodamilola3@gmail.com,worker,7/21/2005,Male,Married,Tuvalu
Siana,Haldas,adejumodamilola3@gmail.com,developer,12/18/1998,Female,Widow/Widower,Honduras
Mathilda,Harriman,adejumodamilola3@gmail.com,doctor,9/25/1995,XX,Widow/Widower,Barbados
Jordan,Berne,adejumodamilola3@gmail.com,doctor,2/3/2019,Male,Single,Turks and Caicos Islands
Caressa,Esmaria,adejumodamilola3@gmail.com,developer,8/21/1985,Female,Widow/Widower,Singapore
Ermengarde,Norvol,adejumodamilola3@gmail.com,developer,6/17/1976,XX,Widow/Widower,Peru
Madelle,Bebe,adejumodamilola3@gmail.com,firefighter,8/27/1981,XX,Widow/Widower,Martinique
Gretal,Vivle,adejumodamilola3@gmail.com,worker,3/24/2018,XX,Single,"Macedonia, The Former Yugoslav Republic of"
Blondelle,Wallis,adejumodamilola3@gmail.com,police officer,12/18/1976,Male,Widow/Widower,Malta
Andeee,Skell,adejumodamilola3@gmail.com,developer,10/4/1935,Male,Married,South Georgia and the South Sandwich Islands
Frances,Campball,adejumodamilola3@gmail.com,doctor,2/19/2004,Male,Married,Monaco
Correy,Giule,adejumodamilola3@gmail.com,worker,3/28/1997,XX,Widow/Widower,Svalbard and Jan Mayen
Brynna,Karl,adejumodamilola3@gmail.com,doctor,4/2/1933,XX,Widow/Widower,"Korea, Republic of"
Regina,Demitria,adejumodamilola3@gmail.com,worker,8/10/1977,XX,Single,Åland Islands
Marcy,Melan,adejumodamilola3@gmail.com,doctor,8/4/1914,XX,Widow/Widower,Lebanon
Angela,Maurine,adejumodamilola3@gmail.com,police officer,5/27/1932,Female,Single,AndorrA
Gilligan,Brodench,adejumodamilola3@gmail.com,developer,1/14/1983,Female,Single,Saudi Arabia
Marylou,Goldina,adejumodamilola3@gmail.com,firefighter,3/4/2006,Female,Single,Ecuador
Ana,Minetta,adejumodamilola3@gmail.com,doctor,4/1/1916,Female,Married,Trinidad and Tobago
Angela,Adore,adejumodamilola3@gmail.com,doctor,11/22/1912,Male,Married,Haiti
Consuela,Brittani,adejumodamilola3@gmail.com,doctor,11/10/1987,XX,Single,Mali
Jillayne,Byrne,adejumodamilola3@gmail.com,police officer,9/7/1952,Male,Single,Mauritania
Vivia,Rodmann,adejumodamilola3@gmail.com,worker,9/15/1933,XX,Married,"Korea, Republic of"
Genevra,Uund,adejumodamilola3@gmail.com,developer,12/27/1994,Male,Widow/Widower,Puerto Rico
Tiffie,Georgy,adejumodamilola3@gmail.com,firefighter,7/11/1990,XX,Widow/Widower,Wallis and Futuna
Rivalee,Tound,adejumodamilola3@gmail.com,worker,6/29/1966,Female,Widow/Widower,Namibia
Eadie,Teryn,adejumodamilola3@gmail.com,police officer,12/10/2001,XX,Married,AndorrA
Jerry,Sheng,adejumodamilola3@gmail.com,worker,12/21/1936,Male,Married,Trinidad and Tobago
Delilah,Anis,adejumodamilola3@gmail.com,firefighter,11/23/1900,Male,Widow/Widower,Yemen
Nannie,Waldron,adejumodamilola3@gmail.com,doctor,6/12/1976,Female,Married,Ukraine
Mady,Ezar,adejumodamilola3@gmail.com,doctor,6/10/1965,XX,Widow/Widower,Sao Tome and Principe
Gerianna,Ursulette,adejumodamilola3@gmail.com,firefighter,4/5/1967,Male,Single,Seychelles
Kathy,Saint,adejumodamilola3@gmail.com,worker,3/26/1983,Male,Married,Austria
Lory,Tufts,adejumodamilola3@gmail.com,doctor,7/19/1977,Male,Married,Japan
Dolli,Felecia,adejumodamilola3@gmail.com,worker,4/23/1908,XX,Married,AndorrA
Bee,Liva,adejumodamilola3@gmail.com,police officer,2/1/1912,Female,Married,"Virgin Islands, British"
Madelle,Wooster,adejumodamilola3@gmail.com,police officer,3/2/1963,Female,Widow/Widower,Armenia
Millie,Schlosser,adejumodamilola3@gmail.com,doctor,7/22/2004,Female,Widow/Widower,Somalia
Nita,Vilma,adejumodamilola3@gmail.com,firefighter,10/31/2014,Female,Married,"Taiwan, Province of China"
Vinita,Trinetta,adejumodamilola3@gmail.com,developer,8/1/1938,XX,Widow/Widower,Saint Kitts and Nevis
Fidelia,Reidar,adejumodamilola3@gmail.com,police officer,9/2/2009,Female,Single,Monaco
Valeda,Chabot,adejumodamilola3@gmail.com,worker,8/29/2011,XX,Widow/Widower,Paraguay
Calla,Borrell,adejumodamilola3@gmail.com,worker,9/13/2002,Male,Widow/Widower,Sweden
Orsola,Douglass,adejumodamilola3@gmail.com,worker,5/17/1961,Male,Widow/Widower,"Virgin Islands, British"
Bobbi,Phaidra,adejumodamilola3@gmail.com,firefighter,9/22/1952,XX,Single,Zambia
Elena,Dowski,adejumodamilola3@gmail.com,police officer,10/21/1997,XX,Single,Aruba
Caryl,Bennie,adejumodamilola3@gmail.com,developer,12/7/1992,XX,Single,Burundi
Isa,Masao,adejumodamilola3@gmail.com,firefighter,2/26/1995,Female,Single,Belgium
Leona,Casimir,adejumodamilola3@gmail.com,worker,12/30/1917,Male,Single,Cuba
Atlanta,Colleen,adejumodamilola3@gmail.com,firefighter,12/22/1929,Female,Single,Togo
Josephine,Melan,adejumodamilola3@gmail.com,police officer,3/15/1999,Male,Married,Austria
Ardeen,Damarra,adejumodamilola3@gmail.com,firefighter,3/18/1924,Female,Married,Ireland
Ronna,Pattin,adejumodamilola3@gmail.com,developer,8/13/1930,XX,Widow/Widower,Niger
Mireielle,Klemperer,adejumodamilola3@gmail.com,firefighter,3/3/2011,Female,Single,"Virgin Islands, British"
Ayn,Atonsah,adejumodamilola3@gmail.com,police officer,2/18/1953,Male,Married,Kuwait
Robinia,Liebermann,adejumodamilola3@gmail.com,police officer,5/20/1999,XX,Widow/Widower,Guinea
Gertrud,Cristi,adejumodamilola3@gmail.com,worker,1/9/1912,Female,Married,Tajikistan
Tressa,Rad,adejumodamilola3@gmail.com,doctor,6/25/2016,Female,Married,Djibouti
Caryl,LaRue,adejumodamilola3@gmail.com,developer,2/26/1917,XX,Single,Grenada
Stephanie,Gino,adejumodamilola3@gmail.com,developer,7/28/1988,XX,Widow/Widower,Equatorial Guinea
Deedee,Peonir,adejumodamilola3@gmail.com,doctor,7/3/1980,Male,Widow/Widower,Heard Island and Mcdonald Islands
Britte,Deny,adejumodamilola3@gmail.com,worker,5/23/1932,XX,Married,Belgium
Michaelina,Henrie,adejumodamilola3@gmail.com,doctor,10/29/1941,Male,Single,Venezuela
Marylou,Denis,adejumodamilola3@gmail.com,police officer,6/30/1905,Female,Widow/Widower,Cape Verde
Susette,Gavrila,adejumodamilola3@gmail.com,developer,1/12/1983,Female,Widow/Widower,Serbia and Montenegro
Mady,Bobbee,adejumodamilola3@gmail.com,developer,8/11/1929,XX,Widow/Widower,Greece
Bernie,Rubie,adejumodamilola3@gmail.com,firefighter,5/4/2005,XX,Widow/Widower,Mauritius
Cyb,Pattin,adejumodamilola3@gmail.com,developer,10/12/1932,Female,Single,Palau
Trudie,Albertine,adejumodamilola3@gmail.com,firefighter,5/17/1918,Female,Single,Heard Island and Mcdonald Islands
Sallie,Lindemann,adejumodamilola3@gmail.com,developer,7/13/1944,XX,Married,Pitcairn
Dawn,Durware,adejumodamilola3@gmail.com,developer,12/25/1972,Female,Married,Fiji
Linzy,Roscoe,adejumodamilola3@gmail.com,developer,5/1/1973,Male,Single,Grenada
Merry,Ogren,adejumodamilola3@gmail.com,firefighter,9/19/1981,Male,Widow/Widower,United Kingdom
Willetta,O'Carroll,adejumodamilola3@gmail.com,firefighter,1/14/1925,XX,Single,Kenya
Arabel,Bivins,adejumodamilola3@gmail.com,developer,3/30/2009,Female,Married,Portugal
Ericka,McNully,adejumodamilola3@gmail.com,developer,9/21/1964,Female,Widow/Widower,British Indian Ocean Territory
Janenna,Sikorski,adejumodamilola3@gmail.com,firefighter,10/6/1930,XX,Single,Svalbard and Jan Mayen
Frances,Loleta,adejumodamilola3@gmail.com,developer,7/28/1931,Female,Single,Angola
Loree,Burch,adejumodamilola3@gmail.com,doctor,9/17/1913,Female,Single,"Cote D""Ivoire"
Kaia,Eliathas,adejumodamilola3@gmail.com,developer,7/2/1935,Female,Single,Mongolia
Leia,Breed,adejumodamilola3@gmail.com,doctor,2/16/1967,XX,Single,AndorrA
Siana,Flita,adejumodamilola3@gmail.com,doctor,8/8/2006,Male,Single,Mayotte
Mellicent,Isacco,adejumodamilola3@gmail.com,developer,6/16/1924,XX,Married,Grenada
Anica,Brotherson,adejumodamilola3@gmail.com,police officer,1/23/1902,Female,Married,"Macedonia, The Former Yugoslav Republic of"
Nannie,Celestine,adejumodamilola3@gmail.com,worker,3/13/1927,Female,Single,Albania
Hettie,McAdams,adejumodamilola3@gmail.com,worker,5/1/1927,Female,Single,Philippines
Hayley,Pernick,adejumodamilola3@gmail.com,firefighter,3/30/1966,XX,Widow/Widower,Macao
Celestyna,Mitzi,adejumodamilola3@gmail.com,developer,3/19/1986,XX,Widow/Widower,Cyprus
Lelah,Diann,adejumodamilola3@gmail.com,police officer,10/21/1981,Female,Married,Syrian Arab Republic
Zondra,Lia,adejumodamilola3@gmail.com,police officer,5/6/1908,XX,Widow/Widower,China
Berta,Parsaye,adejumodamilola3@gmail.com,doctor,7/5/1960,XX,Widow/Widower,United States Minor Outlying Islands
Trixi,Dalli,adejumodamilola3@gmail.com,police officer,11/28/2003,XX,Single,Netherlands Antilles
Doro,Cherianne,adejumodamilola3@gmail.com,police officer,3/6/1912,Female,Widow/Widower,Morocco
Kial,Ledah,adejumodamilola3@gmail.com,firefighter,8/29/1996,Male,Widow/Widower,Singapore
Gabriellia,Melleta,adejumodamilola3@gmail.com,police officer,8/8/1976,XX,Single,Bahrain
Berta,Tristram,adejumodamilola3@gmail.com,police officer,3/26/1929,Male,Widow/Widower,Liberia
Lanna,Ashok,adejumodamilola3@gmail.com,police officer,4/27/1997,Female,Married,Ethiopia
Caritta,Delacourt,adejumodamilola3@gmail.com,developer,6/2/1941,Male,Widow/Widower,Western Sahara
Wilma,Septima,adejumodamilola3@gmail.com,firefighter,5/31/2015,XX,Married,Burkina Faso
Ira,My,adejumodamilola3@gmail.com,firefighter,5/23/1948,Female,Widow/Widower,Swaziland
Joleen,Lattie,adejumodamilola3@gmail.com,firefighter,6/26/2016,Female,Single,Trinidad and Tobago
Dyann,Kaja,adejumodamilola3@gmail.com,developer,7/31/1909,XX,Married,Hungary
Paule,Henrie,adejumodamilola3@gmail.com,doctor,10/26/1928,Female,Married,"Virgin Islands, U.S."
Brooks,Fitzsimmons,adejumodamilola3@gmail.com,worker,8/24/1952,XX,Married,Iraq
Bee,Mintz,adejumodamilola3@gmail.com,worker,10/19/1935,Female,Married,Bahrain
Elyssa,Fosque,adejumodamilola3@gmail.com,doctor,7/27/1937,XX,Married,Central African Republic
Joy,Othilia,adejumodamilola3@gmail.com,doctor,12/19/1991,Female,Widow/Widower,Cambodia
Yetty,Montgomery,adejumodamilola3@gmail.com,worker,9/30/1929,Male,Widow/Widower,Romania
Dennie,Casimir,adejumodamilola3@gmail.com,developer,9/5/1943,Male,Single,Anguilla
Lorne,Guildroy,adejumodamilola3@gmail.com,worker,6/20/1976,XX,Married,Ecuador
Marti,Barbey,adejumodamilola3@gmail.com,doctor,6/21/1932,XX,Married,Netherlands Antilles
Sabina,Ruvolo,adejumodamilola3@gmail.com,firefighter,10/10/1956,XX,Widow/Widower,Burkina Faso
Peri,Fry,adejumodamilola3@gmail.com,doctor,12/4/1960,XX,Married,Djibouti
Jessamyn,Schroth,adejumodamilola3@gmail.com,developer,11/18/1934,Male,Married,Hungary
Alyda,Eugenia,adejumodamilola3@gmail.com,developer,4/21/1917,Female,Married,Jamaica
Cassandra,Isacco,adejumodamilola3@gmail.com,worker,1/14/2002,XX,Widow/Widower,India
Mellicent,Rheingold,adejumodamilola3@gmail.com,doctor,2/3/1987,XX,Widow/Widower,Slovenia
Daphne,Turne,adejumodamilola3@gmail.com,doctor,10/31/1947,Male,Single,Norfolk Island
Bertine,Lissi,adejumodamilola3@gmail.com,developer,7/2/1928,Male,Widow/Widower,Zimbabwe
Gusella,Brandice,adejumodamilola3@gmail.com,doctor,8/24/1992,XX,Single,Western Sahara
Alie,Harday,adejumodamilola3@gmail.com,firefighter,7/5/1953,XX,Widow/Widower,Uruguay
Hallie,Birdella,adejumodamilola3@gmail.com,firefighter,4/3/1975,XX,Single,Philippines
Tierney,Hailee,adejumodamilola3@gmail.com,firefighter,8/1/1996,XX,Widow/Widower,Malaysia
Marti,Anselmi,adejumodamilola3@gmail.com,police officer,8/17/1988,Female,Married,Reunion
Kerrin,Reinke,adejumodamilola3@gmail.com,worker,8/1/1912,Male,Widow/Widower,Tuvalu
Dacia,Oscar,adejumodamilola3@gmail.com,firefighter,1/21/1983,Female,Single,Bolivia
Sybille,Tamar,adejumodamilola3@gmail.com,doctor,2/18/1980,Female,Widow/Widower,Peru
Oralee,Sperling,adejumodamilola3@gmail.com,worker,10/6/1931,XX,Single,Guatemala
Elora,Pascia,adejumodamilola3@gmail.com,worker,11/13/1970,XX,Widow/Widower,AndorrA
Debee,Lane,adejumodamilola3@gmail.com,police officer,7/30/1936,Male,Married,Philippines
Molli,Hailee,adejumodamilola3@gmail.com,doctor,9/27/1912,Female,Widow/Widower,Belgium
Lusa,Papageno,adejumodamilola3@gmail.com,firefighter,11/16/2001,XX,Single,Yemen
Queenie,Stelle,adejumodamilola3@gmail.com,worker,9/3/1935,XX,Widow/Widower,Algeria
Deloria,Zuzana,adejumodamilola3@gmail.com,firefighter,9/25/1945,XX,Widow/Widower,Niue
Raf,Deegan,adejumodamilola3@gmail.com,police officer,10/27/1991,XX,Single,Cocos (Keeling) Islands
Tina,Edvard,adejumodamilola3@gmail.com,developer,7/6/1970,Female,Married,Cuba
Jean,Loleta,adejumodamilola3@gmail.com,firefighter,4/18/1907,Male,Single,New Caledonia
Suzette,Boehike,adejumodamilola3@gmail.com,developer,11/6/2019,Female,Married,Lesotho
Miquela,Barbey,adejumodamilola3@gmail.com,police officer,1/29/1976,Female,Widow/Widower,Lebanon
Nicoli,Anderea,adejumodamilola3@gmail.com,developer,6/4/2012,XX,Widow/Widower,Equatorial Guinea
Dulcinea,Syd,adejumodamilola3@gmail.com,doctor,4/15/1952,XX,Widow/Widower,New Caledonia
Andeee,Amand,adejumodamilola3@gmail.com,police officer,11/11/1948,Female,Single,Niger
Corly,Arvo,adejumodamilola3@gmail.com,worker,2/11/1977,XX,Widow/Widower,Serbia and Montenegro
Nonnah,Berriman,adejumodamilola3@gmail.com,firefighter,6/23/1922,Male,Married,French Southern Territories
Ezmeralda,Screens,adejumodamilola3@gmail.com,worker,9/16/1961,XX,Married,Ukraine
Felice,Fosque,adejumodamilola3@gmail.com,police officer,10/7/1995,XX,Single,Iceland
Deedee,Evvie,adejumodamilola3@gmail.com,firefighter,9/26/1948,Female,Widow/Widower,Jersey
Queenie,Kathie,adejumodamilola3@gmail.com,firefighter,9/7/1933,Male,Married,New Caledonia
Ruthe,Meter,adejumodamilola3@gmail.com,police officer,5/6/2010,XX,Widow/Widower,Fiji
Carolina,Joeann,adejumodamilola3@gmail.com,doctor,8/10/1908,Female,Single,Barbados
Linzy,Colp,adejumodamilola3@gmail.com,doctor,3/19/1967,XX,Single,Jamaica
Reeba,Kirbee,adejumodamilola3@gmail.com,worker,8/12/2005,Male,Single,Burkina Faso
Adele,Buffum,adejumodamilola3@gmail.com,developer,9/11/1950,XX,Married,Saudi Arabia
Wendi,Bivins,adejumodamilola3@gmail.com,developer,11/27/1979,Male,Widow/Widower,Dominica
Mildrid,Fadiman,adejumodamilola3@gmail.com,firefighter,8/20/2018,XX,Single,United Kingdom
Ernesta,Gladstone,adejumodamilola3@gmail.com,doctor,6/7/1905,Male,Married,Greece
Margarette,Ovid,adejumodamilola3@gmail.com,doctor,3/5/2011,Male,Married,Bangladesh
Justinn,Zetta,adejumodamilola3@gmail.com,doctor,3/25/2000,Male,Widow/Widower,Seychelles
Hettie,Gahl,adejumodamilola3@gmail.com,developer,7/18/1913,Male,Widow/Widower,Netherlands
Tori,Ursulette,adejumodamilola3@gmail.com,developer,12/28/1956,XX,Single,Georgia
Lorenza,Kimmie,adejumodamilola3@gmail.com,firefighter,12/6/1955,XX,Single,Belarus
Ilse,Nadia,adejumodamilola3@gmail.com,developer,3/24/1912,Female,Married,Brazil
Annaliese,Urias,adejumodamilola3@gmail.com,developer,4/2/1965,Male,Single,"Virgin Islands, British"
Vanessa,Naor,adejumodamilola3@gmail.com,police officer,6/28/1992,Female,Married,Kazakhstan
Miquela,Kelula,adejumodamilola3@gmail.com,developer,11/12/1937,Female,Married,Morocco
Siana,Pillsbury,adejumodamilola3@gmail.com,police officer,10/2/1985,Male,Single,Mali
Bernie,Sandye,adejumodamilola3@gmail.com,worker,10/20/1902,Female,Widow/Widower,Kuwait
Blinni,Erskine,adejumodamilola3@gmail.com,firefighter,6/16/1954,XX,Widow/Widower,Liechtenstein
Joceline,Fredi,adejumodamilola3@gmail.com,worker,2/20/1927,XX,Married,Iceland
Fina,Posner,adejumodamilola3@gmail.com,developer,12/30/2011,Male,Single,Dominican Republic
Celene,Alarise,adejumodamilola3@gmail.com,developer,4/22/1946,Male,Widow/Widower,Lebanon
Grier,Claudine,adejumodamilola3@gmail.com,firefighter,3/12/1995,Female,Single,Jamaica
Felice,Truc,adejumodamilola3@gmail.com,developer,4/4/1929,Female,Married,Puerto Rico
Kaja,Cornelia,adejumodamilola3@gmail.com,firefighter,6/5/1963,Female,Widow/Widower,Guam
Jorry,Pelagias,adejumodamilola3@gmail.com,firefighter,6/9/1955,Male,Married,Malaysia
Kary,Tiffa,adejumodamilola3@gmail.com,police officer,5/30/1900,Male,Married,El Salvador
Marcy,Loring,adejumodamilola3@gmail.com,worker,11/17/1986,XX,Married,Tuvalu
Lexine,Lacombe,adejumodamilola3@gmail.com,police officer,2/27/1950,Female,Single,Nauru
Dawn,Carlson,adejumodamilola3@gmail.com,firefighter,10/9/1917,XX,Married,Senegal
Madelle,Moina,adejumodamilola3@gmail.com,police officer,8/31/1907,Female,Widow/Widower,Cayman Islands
Sheree,Sothena,adejumodamilola3@gmail.com,worker,4/5/1920,Male,Widow/Widower,Mexico
Amara,Kenney,adejumodamilola3@gmail.com,firefighter,7/12/1955,Male,Widow/Widower,Slovenia
Anestassia,Kaete,adejumodamilola3@gmail.com,worker,6/29/1943,Female,Single,Libyan Arab Jamahiriya
Kore,Adalbert,adejumodamilola3@gmail.com,firefighter,9/6/1944,Male,Widow/Widower,Ghana
Roseline,Gombach,adejumodamilola3@gmail.com,worker,8/14/2016,Male,Widow/Widower,China
Luci,Barbey,adejumodamilola3@gmail.com,police officer,12/8/1988,Female,Single,Brunei Darussalam
Pollyanna,Euridice,adejumodamilola3@gmail.com,firefighter,7/24/1914,Male,Married,Bulgaria
Selma,Teddman,adejumodamilola3@gmail.com,firefighter,2/4/1954,Male,Single,"Lao People""S Democratic Republic"
Ida,Torray,adejumodamilola3@gmail.com,worker,10/29/2018,XX,Married,Luxembourg
Lauryn,Tiffa,adejumodamilola3@gmail.com,police officer,9/16/1999,Female,Single,Lithuania
Fredericka,Abram,adejumodamilola3@gmail.com,developer,1/24/1908,XX,Married,Timor-Leste
Marguerite,Keily,adejumodamilola3@gmail.com,police officer,5/5/1969,XX,Married,Heard Island and Mcdonald Islands
Ayn,Alabaster,adejumodamilola3@gmail.com,developer,10/16/1959,Male,Single,Djibouti
Basia,Stefa,adejumodamilola3@gmail.com,worker,7/27/1982,Female,Widow/Widower,Ecuador
Aubrie,Clie,adejumodamilola3@gmail.com,doctor,12/30/1974,Male,Widow/Widower,Barbados
Minne,Gemini,adejumodamilola3@gmail.com,worker,12/30/1904,Male,Single,Ghana
Latisha,Wattenberg,adejumodamilola3@gmail.com,worker,4/20/1973,Female,Married,Monaco
Carmela,Morgun,adejumodamilola3@gmail.com,doctor,7/16/1910,Female,Married,"Virgin Islands, U.S."
Olwen,Ilka,adejumodamilola3@gmail.com,doctor,4/30/1908,XX,Widow/Widower,Tajikistan
Dari,Gregrory,adejumodamilola3@gmail.com,worker,2/7/1999,Male,Widow/Widower,San Marino
Jeanna,Maribeth,adejumodamilola3@gmail.com,developer,6/1/1932,XX,Married,Iraq
Catrina,Duwalt,adejumodamilola3@gmail.com,police officer,5/31/1912,XX,Married,Venezuela
Hannis,Hebner,adejumodamilola3@gmail.com,developer,7/8/2003,XX,Widow/Widower,Holy See (Vatican City State)
Aimil,Dorine,adejumodamilola3@gmail.com,police officer,11/4/1953,Male,Single,Monaco
Aurore,Maurine,adejumodamilola3@gmail.com,doctor,10/18/1911,Male,Married,Falkland Islands (Malvinas)
Sandie,Donell,adejumodamilola3@gmail.com,developer,9/23/1954,Male,Single,New Zealand
Arabel,Chrystel,adejumodamilola3@gmail.com,police officer,3/4/2005,Male,Widow/Widower,Dominica
Corly,Grobe,adejumodamilola3@gmail.com,developer,2/16/1915,Female,Single,Guyana
Ericka,Pulsifer,adejumodamilola3@gmail.com,worker,4/26/1906,Female,Married,Paraguay
Ninnetta,Marijo,adejumodamilola3@gmail.com,police officer,2/21/1909,Female,Widow/Widower,Mongolia
Dorene,Tippets,adejumodamilola3@gmail.com,doctor,6/20/1992,XX,Married,Algeria
Gusty,Karylin,adejumodamilola3@gmail.com,worker,6/13/1900,Male,Married,Grenada
Thalia,Radu,adejumodamilola3@gmail.com,firefighter,5/11/2015,Male,Widow/Widower,Saint Pierre and Miquelon
Gratia,Bergman,adejumodamilola3@gmail.com,developer,3/10/1929,Male,Married,Gibraltar
Kerrin,Rubie,adejumodamilola3@gmail.com,worker,10/30/1972,XX,Single,"Micronesia, Federated States of"
Monika,Marcellus,adejumodamilola3@gmail.com,developer,11/6/2011,XX,Single,Fiji
Clarice,Orlene,adejumodamilola3@gmail.com,firefighter,7/12/1947,XX,Single,"Lao People""S Democratic Republic"
Lindie,Jary,adejumodamilola3@gmail.com,worker,12/10/1987,Female,Single,Reunion
Claudina,Jammal,adejumodamilola3@gmail.com,worker,1/11/1935,XX,Widow/Widower,Greenland
Rochette,Hutchison,adejumodamilola3@gmail.com,developer,8/14/1939,Female,Widow/Widower,Belize
Maurene,Erich,adejumodamilola3@gmail.com,doctor,9/7/1901,Male,Married,Finland
Emmey,Dermott,adejumodamilola3@gmail.com,worker,8/20/1910,XX,Widow/Widower,Kazakhstan
Olwen,Docilla,adejumodamilola3@gmail.com,police officer,8/1/1973,XX,Widow/Widower,Guam
Britte,Stelle,adejumodamilola3@gmail.com,firefighter,3/29/1915,Female,Married,Malaysia
Sadie,Means,adejumodamilola3@gmail.com,worker,10/8/1936,Male,Widow/Widower,Mali
Sallie,Dash,adejumodamilola3@gmail.com,worker,7/16/2016,Male,Married,Guyana
Edith,Beniamino,adejumodamilola3@gmail.com,developer,2/3/1916,Male,Widow/Widower,Norway
Sara-Ann,Harned,adejumodamilola3@gmail.com,developer,9/28/1986,Male,Single,Chad
Joceline,Joni,adejumodamilola3@gmail.com,firefighter,8/14/1969,XX,Widow/Widower,Gambia
Marline,Zina,adejumodamilola3@gmail.com,doctor,12/2/1929,XX,Married,Angola
Dotty,Stover,adejumodamilola3@gmail.com,firefighter,2/16/1931,XX,Single,Iceland
Concettina,Buckler,adejumodamilola3@gmail.com,doctor,6/22/1919,Female,Single,Western Sahara
Donnie,Publia,adejumodamilola3@gmail.com,doctor,9/5/1953,Male,Widow/Widower,Bhutan
Belva,Koziara,adejumodamilola3@gmail.com,developer,1/22/1943,Female,Married,Timor-Leste
Lacie,Roxanna,adejumodamilola3@gmail.com,police officer,11/21/1994,Female,Married,French Polynesia
Kittie,Lenny,adejumodamilola3@gmail.com,firefighter,3/25/2014,Male,Single,Thailand
Beth,Moseley,adejumodamilola3@gmail.com,police officer,7/16/1957,Male,Married,Ukraine
Natka,Sheedy,adejumodamilola3@gmail.com,firefighter,2/28/2014,Male,Widow/Widower,Serbia and Montenegro
Valera,Girardo,adejumodamilola3@gmail.com,doctor,7/31/2019,Female,Married,Kenya
Fernande,Edvard,adejumodamilola3@gmail.com,developer,12/3/1957,Male,Married,Serbia and Montenegro
Roslyn,Earlie,adejumodamilola3@gmail.com,worker,3/15/1975,XX,Widow/Widower,Palau
Allyce,Toor,adejumodamilola3@gmail.com,firefighter,8/28/2014,XX,Widow/Widower,Turkmenistan
Rozele,Beebe,adejumodamilola3@gmail.com,doctor,11/14/1966,Female,Married,Uganda
Esmeralda,Pandolfi,adejumodamilola3@gmail.com,police officer,4/13/1930,Male,Single,Mongolia
Mildrid,Ax,adejumodamilola3@gmail.com,developer,9/30/1954,Female,Single,Bulgaria
Lusa,Bohlin,adejumodamilola3@gmail.com,developer,2/18/1921,Female,Married,French Southern Territories
Rubie,Raychel,adejumodamilola3@gmail.com,firefighter,9/24/2003,Female,Married,"Tanzania, United Republic of"
Mignon,Solitta,adejumodamilola3@gmail.com,firefighter,6/30/1965,Female,Married,Wallis and Futuna
Imojean,Marijo,adejumodamilola3@gmail.com,police officer,1/4/1964,XX,Single,Myanmar
Joeann,Adalbert,adejumodamilola3@gmail.com,worker,3/4/1951,XX,Single,San Marino
Dennie,Friede,adejumodamilola3@gmail.com,police officer,2/19/1906,Female,Married,Belgium
Ernesta,Sammons,adejumodamilola3@gmail.com,police officer,6/10/1913,Male,Widow/Widower,India
Ginnie,Ciapas,adejumodamilola3@gmail.com,police officer,12/17/1903,XX,Single,Saint Lucia
Ivett,Eachern,adejumodamilola3@gmail.com,doctor,3/26/1995,Female,Married,Ukraine
Coral,Pattin,adejumodamilola3@gmail.com,police officer,1/15/2015,XX,Single,Montserrat
Delilah,Catie,adejumodamilola3@gmail.com,developer,11/2/1969,Female,Widow/Widower,Spain
Kimberley,Reneta,adejumodamilola3@gmail.com,worker,9/5/1922,XX,Married,Kenya
Kate,Liebermann,adejumodamilola3@gmail.com,police officer,5/1/1933,Male,Single,Pakistan
Kaia,Sidonius,adejumodamilola3@gmail.com,police officer,3/20/1947,Male,Married,South Africa
Sissy,Lilybelle,adejumodamilola3@gmail.com,developer,6/9/2004,Male,Widow/Widower,Åland Islands
Ardeen,Dyche,adejumodamilola3@gmail.com,police officer,6/23/2018,Female,Married,Burkina Faso
Patricia,Goerke,adejumodamilola3@gmail.com,police officer,9/5/1964,XX,Married,Latvia
Catharine,Rossner,adejumodamilola3@gmail.com,firefighter,12/31/1914,Male,Single,Chad
Kirbee,Lumbard,adejumodamilola3@gmail.com,doctor,2/25/1941,XX,Widow/Widower,Guinea-Bissau
Iseabal,Schenck,adejumodamilola3@gmail.com,worker,12/21/1987,Female,Married,Mauritania
Jsandye,Shaddock,adejumodamilola3@gmail.com,doctor,1/17/1995,Male,Single,"Macedonia, The Former Yugoslav Republic of"
Averyl,Damarra,adejumodamilola3@gmail.com,doctor,10/31/1979,Male,Married,"Palestinian Territory, Occupied"
Frank,Terrence,adejumodamilola3@gmail.com,developer,8/3/1965,Male,Single,Peru
Christian,Rubie,adejumodamilola3@gmail.com,police officer,1/23/1950,Male,Single,Saint Kitts and Nevis
Ada,Alarise,adejumodamilola3@gmail.com,developer,11/5/2017,Male,Single,Saudi Arabia
Barbara,Edvard,adejumodamilola3@gmail.com,firefighter,1/1/1984,Female,Single,Isle of Man
Kassey,Hebner,adejumodamilola3@gmail.com,doctor,1/20/1919,XX,Married,Myanmar
Lanae,Thilda,adejumodamilola3@gmail.com,firefighter,4/16/1911,Female,Widow/Widower,Cyprus
Flory,Angelis,adejumodamilola3@gmail.com,firefighter,2/14/1902,Male,Widow/Widower,Mozambique
Antonietta,Greenwald,adejumodamilola3@gmail.com,firefighter,8/5/1992,Male,Widow/Widower,Greenland
Bernardine,Rocray,adejumodamilola3@gmail.com,developer,10/14/1947,XX,Widow/Widower,Montserrat
Cindelyn,Ophelia,adejumodamilola3@gmail.com,doctor,11/28/1918,Male,Widow/Widower,"Taiwan, Province of China"
Gabriellia,Helve,adejumodamilola3@gmail.com,developer,6/1/2011,XX,Single,Bouvet Island
Mignon,Etom,adejumodamilola3@gmail.com,police officer,7/1/1973,Male,Married,Isle of Man
Nita,Dunkin,adejumodamilola3@gmail.com,police officer,2/16/2000,XX,Single,Northern Mariana Islands
Celestyna,Hachmin,adejumodamilola3@gmail.com,firefighter,6/24/1903,XX,Married,Cameroon
Annabela,Autrey,adejumodamilola3@gmail.com,firefighter,12/6/1975,Female,Single,Germany
Zia,Sperling,adejumodamilola3@gmail.com,police officer,6/14/1945,XX,Widow/Widower,Tuvalu
Teddie,Nahum,adejumodamilola3@gmail.com,police officer,6/21/1958,XX,Single,Ethiopia
Liana,An,adejumodamilola3@gmail.com,doctor,9/29/1998,Male,Married,Uzbekistan
Cecile,Destinee,adejumodamilola3@gmail.com,worker,12/7/1901,Female,Single,Nepal
Ulrike,Berl,adejumodamilola3@gmail.com,doctor,4/1/1976,XX,Single,Belarus
Riannon,Deegan,adejumodamilola3@gmail.com,police officer,7/17/1983,Male,Widow/Widower,India
Clary,Bebe,adejumodamilola3@gmail.com,police officer,10/7/2012,XX,Widow/Widower,Niue
Lanae,Vastah,adejumodamilola3@gmail.com,worker,2/6/1945,Female,Married,Syrian Arab Republic
Ilse,Stover,adejumodamilola3@gmail.com,police officer,1/21/1907,XX,Married,Japan
Madeleine,Caitlin,adejumodamilola3@gmail.com,firefighter,2/9/2003,Male,Married,Reunion
Gertrud,Sharl,adejumodamilola3@gmail.com,doctor,5/30/1967,XX,Widow/Widower,Oman
Delilah,Richers,adejumodamilola3@gmail.com,developer,6/21/1955,Female,Widow/Widower,Ireland
Pollyanna,Ilka,adejumodamilola3@gmail.com,worker,4/26/1921,XX,Widow/Widower,Nepal
Marcelline,Levey,adejumodamilola3@gmail.com,worker,7/1/1972,Male,Married,Malaysia
Christy,Saunderson,adejumodamilola3@gmail.com,firefighter,2/14/1953,Female,Widow/Widower,Zimbabwe
Kathi,Aprile,adejumodamilola3@gmail.com,developer,6/23/1918,Male,Married,Angola
Mahalia,Arley,adejumodamilola3@gmail.com,firefighter,1/20/1902,XX,Married,Djibouti
Margette,Vittoria,adejumodamilola3@gmail.com,developer,12/14/2009,Male,Single,Kyrgyzstan
Paule,Middleton,adejumodamilola3@gmail.com,developer,8/12/1979,Female,Widow/Widower,Equatorial Guinea
Christal,Hillel,adejumodamilola3@gmail.com,police officer,10/25/1900,Male,Single,Romania
Adele,Schenck,adejumodamilola3@gmail.com,police officer,10/9/1943,Female,Married,Ethiopia
Eugine,Pyle,adejumodamilola3@gmail.com,worker,3/24/1907,Male,Married,Egypt
Mady,Bury,adejumodamilola3@gmail.com,worker,9/11/1923,XX,Married,Jersey
Katleen,Jehu,adejumodamilola3@gmail.com,police officer,8/31/2002,Female,Widow/Widower,Namibia
Dulce,Celestine,adejumodamilola3@gmail.com,doctor,2/2/1997,Female,Married,Timor-Leste
Rhoda,Gregrory,adejumodamilola3@gmail.com,developer,9/9/2010,Male,Single,United Arab Emirates
Averyl,Stilwell,adejumodamilola3@gmail.com,doctor,9/12/1985,Male,Single,Paraguay
Catharine,Jenness,adejumodamilola3@gmail.com,police officer,3/11/1933,XX,Single,Oman
Babita,Giff,adejumodamilola3@gmail.com,worker,7/5/2003,Female,Widow/Widower,Luxembourg
Fanchon,Dowski,adejumodamilola3@gmail.com,worker,2/1/1988,Male,Widow/Widower,Belgium
Suzette,Weitman,adejumodamilola3@gmail.com,doctor,3/21/1952,XX,Single,Togo
Janenna,Reidar,adejumodamilola3@gmail.com,worker,8/3/1951,Female,Widow/Widower,Zimbabwe
Danika,Berne,adejumodamilola3@gmail.com,firefighter,12/6/1971,XX,Single,Guyana
Lyssa,Garbe,adejumodamilola3@gmail.com,developer,2/7/1954,Female,Single,Slovakia
Alameda,Weinreb,adejumodamilola3@gmail.com,firefighter,2/21/2013,Male,Single,Jersey
Lulita,Helve,adejumodamilola3@gmail.com,police officer,11/30/2016,XX,Married,Niger
Kary,Heidt,adejumodamilola3@gmail.com,police officer,1/2/1919,Male,Single,Lesotho
Allis,Gemini,adejumodamilola3@gmail.com,police officer,3/22/1944,Female,Married,"Micronesia, Federated States of"
Misha,Han,adejumodamilola3@gmail.com,police officer,3/18/1972,Female,Single,Albania
Odessa,Skell,adejumodamilola3@gmail.com,police officer,6/25/1903,XX,Single,Oman
Grier,Thad,adejumodamilola3@gmail.com,police officer,11/7/2005,XX,Married,Cuba
Laure,Kaja,adejumodamilola3@gmail.com,developer,6/27/1925,XX,Widow/Widower,Montserrat
Nataline,Lareena,adejumodamilola3@gmail.com,doctor,10/30/1977,Female,Single,Turkmenistan
Cherrita,Ade,adejumodamilola3@gmail.com,firefighter,6/10/1980,XX,Single,Zambia
Penelopa,Curren,adejumodamilola3@gmail.com,police officer,7/5/2014,Male,Widow/Widower,Haiti
Paulita,Aurelio,adejumodamilola3@gmail.com,worker,5/15/1941,Female,Widow/Widower,Mongolia
Estell,Shanley,adejumodamilola3@gmail.com,police officer,5/19/1925,Male,Single,Suriname
Gerrie,Jagir,adejumodamilola3@gmail.com,worker,6/11/1954,XX,Widow/Widower,Congo
Misha,Camden,adejumodamilola3@gmail.com,worker,1/22/1984,Male,Married,India
Valli,Seessel,adejumodamilola3@gmail.com,developer,10/16/1986,Female,Widow/Widower,Madagascar
Roxane,Shanley,adejumodamilola3@gmail.com,firefighter,8/10/1940,XX,Single,Puerto Rico
Barbi,Roumell,adejumodamilola3@gmail.com,worker,11/18/1971,Female,Widow/Widower,Guatemala
Livvyy,Felecia,adejumodamilola3@gmail.com,worker,6/24/1985,Male,Single,Solomon Islands
Susan,Mauer,adejumodamilola3@gmail.com,firefighter,1/25/1968,XX,Single,Honduras
Kathy,Ingra,adejumodamilola3@gmail.com,worker,5/6/1952,Female,Widow/Widower,Sierra Leone
Daryl,Kannry,adejumodamilola3@gmail.com,worker,12/29/1919,Female,Single,Turkey
Viki,Wiener,adejumodamilola3@gmail.com,police officer,7/8/1950,Male,Single,Israel
Tressa,Syd,adejumodamilola3@gmail.com,police officer,9/9/1950,Female,Married,Cook Islands
Brietta,Bonucci,adejumodamilola3@gmail.com,worker,10/20/1911,XX,Single,Liberia
Kimmy,Niles,adejumodamilola3@gmail.com,developer,9/26/1903,Female,Married,French Southern Territories
Fred,Danby,adejumodamilola3@gmail.com,police officer,9/15/1930,XX,Married,Netherlands
Tracey,Oneida,adejumodamilola3@gmail.com,police officer,12/20/1953,Male,Married,Djibouti
Quintina,Parsaye,adejumodamilola3@gmail.com,developer,11/18/1911,Female,Single,Tunisia
Willetta,Campball,adejumodamilola3@gmail.com,developer,8/20/1955,Female,Widow/Widower,French Polynesia
Elora,Zola,adejumodamilola3@gmail.com,firefighter,11/2/1920,Male,Married,Central African Republic
Vinita,Gerge,adejumodamilola3@gmail.com,developer,1/23/1998,XX,Widow/Widower,El Salvador
Cindelyn,Mott,adejumodamilola3@gmail.com,police officer,12/14/1909,Female,Widow/Widower,"Congo, The Democratic Republic of the"
Halette,Campball,adejumodamilola3@gmail.com,police officer,11/7/1926,Female,Married,Spain
Gilda,Jalbert,adejumodamilola3@gmail.com,firefighter,8/11/1911,Male,Single,Finland
Taffy,Arley,adejumodamilola3@gmail.com,developer,10/12/1989,Female,Married,Malaysia
Brooks,Atcliffe,adejumodamilola3@gmail.com,police officer,8/15/1979,XX,Married,Hungary
Susette,Gaal,adejumodamilola3@gmail.com,police officer,6/15/2011,Female,Widow/Widower,Argentina
Deloria,Corabella,adejumodamilola3@gmail.com,police officer,8/12/1971,Female,Widow/Widower,Haiti
Natka,Pyle,adejumodamilola3@gmail.com,developer,12/20/1914,Male,Widow/Widower,Thailand
Mildrid,Caitlin,adejumodamilola3@gmail.com,police officer,9/10/1993,Male,Widow/Widower,Samoa
Sara-Ann,Hazlett,adejumodamilola3@gmail.com,worker,9/5/1954,Male,Single,Tonga
Jennica,Riordan,adejumodamilola3@gmail.com,developer,5/5/2004,Female,Married,Nepal
Bill,Willie,adejumodamilola3@gmail.com,firefighter,2/16/1921,XX,Widow/Widower,Sudan
Natka,Concha,adejumodamilola3@gmail.com,police officer,2/24/1962,Female,Widow/Widower,Germany
Chickie,Phyllis,adejumodamilola3@gmail.com,worker,2/10/2009,Female,Single,Oman
Harrietta,Gaspard,adejumodamilola3@gmail.com,firefighter,8/16/1950,Female,Single,Spain
Nerta,Longfellow,adejumodamilola3@gmail.com,firefighter,4/13/1945,Female,Single,Honduras
Marika,Cleavland,adejumodamilola3@gmail.com,worker,10/18/1943,Male,Single,Marshall Islands
Libbie,Thomasina,adejumodamilola3@gmail.com,firefighter,4/21/1922,Male,Married,Japan
Brynna,Viddah,adejumodamilola3@gmail.com,firefighter,6/4/1984,Female,Single,Bosnia and Herzegovina
Corry,Plato,adejumodamilola3@gmail.com,firefighter,10/8/1934,Male,Single,Azerbaijan
Dotty,Christal,adejumodamilola3@gmail.com,worker,7/2/2002,Male,Single,Madagascar
Ketti,Ingra,adejumodamilola3@gmail.com,police officer,2/13/1970,Female,Married,Nauru
Luci,Sawtelle,adejumodamilola3@gmail.com,doctor,8/26/1991,Female,Widow/Widower,Romania
Raf,Marcellus,adejumodamilola3@gmail.com,firefighter,7/18/1961,Male,Widow/Widower,Svalbard and Jan Mayen
Sandie,Edvard,adejumodamilola3@gmail.com,developer,11/8/1954,XX,Married,Ireland
Veda,Leifeste,adejumodamilola3@gmail.com,firefighter,2/7/1903,Female,Married,Ukraine
Sybille,Hilbert,adejumodamilola3@gmail.com,doctor,3/11/1918,XX,Married,Iceland
Riannon,Modie,adejumodamilola3@gmail.com,firefighter,10/10/1941,XX,Widow/Widower,"Korea, Democratic People""S Republic of"
Di,Chabot,adejumodamilola3@gmail.com,doctor,11/16/1971,XX,Widow/Widower,Mayotte
Emelina,Howlyn,adejumodamilola3@gmail.com,police officer,10/24/1910,XX,Widow/Widower,"Macedonia, The Former Yugoslav Republic of"
Janey,Rosette,adejumodamilola3@gmail.com,police officer,5/10/1961,XX,Single,Czech Republic
Joy,Talia,adejumodamilola3@gmail.com,worker,4/27/1992,XX,Widow/Widower,Western Sahara
Zia,Kirbee,adejumodamilola3@gmail.com,doctor,5/17/2006,XX,Married,Japan
Corene,Teryn,adejumodamilola3@gmail.com,worker,10/2/2010,Female,Widow/Widower,Niger
Carmela,Craggie,adejumodamilola3@gmail.com,worker,1/15/2008,XX,Single,Wallis and Futuna
Penelopa,Pond,adejumodamilola3@gmail.com,doctor,10/23/1928,Male,Married,Antarctica
Britte,Gino,adejumodamilola3@gmail.com,police officer,6/17/1904,Female,Widow/Widower,Djibouti
Rhea,Lynn,adejumodamilola3@gmail.com,doctor,3/22/1931,Female,Married,Zambia
Jacenta,Taima,adejumodamilola3@gmail.com,police officer,4/7/1943,XX,Single,Saint Helena
Mariele,Caitlin,adejumodamilola3@gmail.com,doctor,12/24/2006,XX,Married,"Palestinian Territory, Occupied"
Audrie,Llovera,adejumodamilola3@gmail.com,developer,8/31/1966,Male,Single,Mozambique
Candy,Henrie,adejumodamilola3@gmail.com,worker,11/2/1910,Male,Widow/Widower,Cayman Islands
Cissiee,Heidt,adejumodamilola3@gmail.com,worker,8/12/1910,Male,Married,Zambia
Oona,Stevy,adejumodamilola3@gmail.com,firefighter,2/12/1903,Female,Married,Oman
Jillayne,Schalles,adejumodamilola3@gmail.com,developer,3/27/1945,Female,Widow/Widower,Uruguay
Deane,Cosenza,adejumodamilola3@gmail.com,developer,6/20/1994,Female,Married,Wallis and Futuna
Cherilyn,Callista,adejumodamilola3@gmail.com,developer,1/10/1948,Female,Widow/Widower,Guernsey
Blondelle,Camden,adejumodamilola3@gmail.com,developer,10/21/1986,Female,Widow/Widower,Mexico
Britni,Casimir,adejumodamilola3@gmail.com,developer,8/28/1927,Male,Single,South Georgia and the South Sandwich Islands
Mellicent,Sinegold,adejumodamilola3@gmail.com,firefighter,7/28/1902,XX,Single,Malawi
Di,Sherrie,adejumodamilola3@gmail.com,firefighter,12/11/1931,XX,Married,"Moldova, Republic of"
Alie,Vacuva,adejumodamilola3@gmail.com,worker,3/28/1918,Male,Married,Barbados
Viki,Dosia,adejumodamilola3@gmail.com,developer,1/7/1953,XX,Widow/Widower,"Palestinian Territory, Occupied"
Shannah,Brackely,adejumodamilola3@gmail.com,doctor,11/12/1902,Male,Married,Lithuania
Fernande,Cornelia,adejumodamilola3@gmail.com,police officer,9/19/1941,Male,Single,Trinidad and Tobago
Clementine,Nicoline,adejumodamilola3@gmail.com,worker,4/10/1949,Male,Single,Nicaragua
Joy,Ciro,adejumodamilola3@gmail.com,developer,10/22/1972,XX,Widow/Widower,Zimbabwe
Willetta,Pauly,adejumodamilola3@gmail.com,worker,4/12/1949,Male,Single,Venezuela
Sabina,Urias,adejumodamilola3@gmail.com,firefighter,8/5/1972,XX,Married,Kenya
Lanae,Terencio,adejumodamilola3@gmail.com,police officer,6/27/1906,XX,Widow/Widower,British Indian Ocean Territory
Lita,Garek,adejumodamilola3@gmail.com,worker,2/19/1975,Male,Single,Saint Kitts and Nevis
Vevay,Melony,adejumodamilola3@gmail.com,police officer,11/13/1968,XX,Married,Kiribati
Aigneis,Wesle,adejumodamilola3@gmail.com,developer,1/6/1901,XX,Married,"Virgin Islands, British"
Rhoda,Soneson,adejumodamilola3@gmail.com,worker,4/15/2013,Female,Married,Swaziland
Deloria,Clarissa,adejumodamilola3@gmail.com,worker,8/15/1924,Male,Single,Syrian Arab Republic
Regina,Dowski,adejumodamilola3@gmail.com,developer,3/9/1904,Male,Married,Paraguay
Lesly,Kaja,adejumodamilola3@gmail.com,doctor,3/22/2003,XX,Single,Belize
Mathilda,Raffo,adejumodamilola3@gmail.com,doctor,12/22/2010,XX,Married,Malawi
Sibella,Behre,adejumodamilola3@gmail.com,police officer,7/19/1913,Female,Married,"Lao People""S Democratic Republic"
Juliane,Ambrosia,adejumodamilola3@gmail.com,developer,8/27/1992,XX,Widow/Widower,Wallis and Futuna
Agnese,Hurley,adejumodamilola3@gmail.com,firefighter,3/2/1972,XX,Married,Cambodia
Antonietta,Natalia,adejumodamilola3@gmail.com,firefighter,3/25/1947,Male,Married,Mali
Sharai,Cassius,adejumodamilola3@gmail.com,doctor,3/4/1976,Male,Single,Cameroon
Eadie,Turne,adejumodamilola3@gmail.com,firefighter,3/27/1992,Male,Married,Turkey
Marika,Ferrell,adejumodamilola3@gmail.com,firefighter,10/19/1947,Female,Widow/Widower,Morocco
Cristine,Anton,adejumodamilola3@gmail.com,worker,6/19/2007,Female,Widow/Widower,Seychelles
Merci,Naor,adejumodamilola3@gmail.com,worker,11/6/1947,XX,Single,Uruguay
Kelly,Ries,adejumodamilola3@gmail.com,police officer,5/23/1977,Male,Single,Cook Islands
Carmencita,Vittoria,adejumodamilola3@gmail.com,firefighter,3/8/2015,Female,Widow/Widower,Palau
Lisette,Melleta,adejumodamilola3@gmail.com,developer,7/23/1905,Female,Single,Iceland
Celisse,Melan,adejumodamilola3@gmail.com,developer,3/1/1935,XX,Single,Haiti
Gusella,Corrine,adejumodamilola3@gmail.com,doctor,5/31/1975,Female,Single,French Southern Territories
Gusella,Clywd,adejumodamilola3@gmail.com,police officer,10/5/1944,Female,Widow/Widower,Eritrea
Selma,Shanley,adejumodamilola3@gmail.com,firefighter,5/3/1958,Female,Widow/Widower,Malaysia
Helena,Ingra,adejumodamilola3@gmail.com,developer,11/5/1945,Female,Married,Indonesia
Berta,Merna,adejumodamilola3@gmail.com,police officer,4/27/1977,Female,Single,Mozambique
Oona,Cohdwell,adejumodamilola3@gmail.com,firefighter,12/12/1950,Male,Widow/Widower,Sweden
Alex,Egbert,adejumodamilola3@gmail.com,doctor,12/28/2005,XX,Married,Malawi
Clary,Cimbura,adejumodamilola3@gmail.com,police officer,8/18/1965,Female,Single,Tuvalu
Estell,Lea,adejumodamilola3@gmail.com,worker,9/17/1939,Female,Widow/Widower,"Palestinian Territory, Occupied"
Ilse,Israeli,adejumodamilola3@gmail.com,police officer,7/15/1989,XX,Married,Qatar
Donetta,Lynn,adejumodamilola3@gmail.com,developer,3/4/1913,Female,Widow/Widower,Turkey
June,Millda,adejumodamilola3@gmail.com,firefighter,11/22/1912,XX,Married,Antigua and Barbuda
Deloria,Stover,adejumodamilola3@gmail.com,worker,3/7/1904,Male,Widow/Widower,Saint Helena
Pearline,Tamsky,adejumodamilola3@gmail.com,doctor,11/14/1950,Male,Married,Tajikistan
Lizzie,Screens,adejumodamilola3@gmail.com,developer,12/21/1979,XX,Widow/Widower,Belarus
Gisela,Maroney,adejumodamilola3@gmail.com,worker,5/11/1921,XX,Widow/Widower,Christmas Island
Joleen,Lamoree,adejumodamilola3@gmail.com,firefighter,9/19/2002,Male,Widow/Widower,Saint Lucia
Janenna,Azeria,adejumodamilola3@gmail.com,worker,3/22/1989,Male,Married,Belize
Stacey,Bennie,adejumodamilola3@gmail.com,worker,12/2/1993,Male,Single,Cocos (Keeling) Islands
Joceline,Allina,adejumodamilola3@gmail.com,developer,10/20/1912,Female,Single,Belarus
Andeee,Brieta,adejumodamilola3@gmail.com,doctor,10/22/1909,Female,Married,Mauritania
Oona,Joeann,adejumodamilola3@gmail.com,worker,12/14/1924,XX,Single,Sierra Leone
Adore,Uund,adejumodamilola3@gmail.com,police officer,11/7/1977,XX,Married,Algeria
Eolanda,Hieronymus,adejumodamilola3@gmail.com,doctor,6/3/2019,XX,Widow/Widower,"Macedonia, The Former Yugoslav Republic of"
Phedra,Fleeta,adejumodamilola3@gmail.com,worker,5/4/1998,Male,Married,Liberia
Cherilyn,Rugen,adejumodamilola3@gmail.com,police officer,5/14/1961,XX,Single,Chad
Belva,Herrera,adejumodamilola3@gmail.com,developer,7/9/1941,XX,Married,Djibouti
Christal,Stanwood,adejumodamilola3@gmail.com,developer,3/18/2003,XX,Married,Benin
Flory,Jerold,adejumodamilola3@gmail.com,police officer,3/20/1967,Male,Widow/Widower,Mexico
Shandie,Croix,adejumodamilola3@gmail.com,police officer,1/4/1946,Male,Married,Denmark
Kristan,Francyne,adejumodamilola3@gmail.com,police officer,7/13/1964,Female,Widow/Widower,Western Sahara
Tonia,Wandie,adejumodamilola3@gmail.com,police officer,3/16/1933,XX,Widow/Widower,Thailand
Ann-Marie,Matthew,adejumodamilola3@gmail.com,firefighter,8/7/1901,XX,Single,Martinique
Andree,Maiah,adejumodamilola3@gmail.com,worker,8/20/1992,XX,Widow/Widower,Grenada
Maridel,Salchunas,adejumodamilola3@gmail.com,firefighter,10/24/1966,Female,Married,Kenya
Constance,McNully,adejumodamilola3@gmail.com,doctor,8/7/1922,Female,Married,Falkland Islands (Malvinas)
Nita,Eachern,adejumodamilola3@gmail.com,firefighter,12/20/1968,XX,Single,Bhutan
Elise,Kussell,adejumodamilola3@gmail.com,doctor,3/23/1954,XX,Married,Central African Republic
Kalina,Waldron,adejumodamilola3@gmail.com,doctor,12/21/1983,Male,Widow/Widower,Bangladesh
Alleen,Diogenes,adejumodamilola3@gmail.com,developer,2/21/1963,XX,Married,Bouvet Island
Emilia,Imelida,adejumodamilola3@gmail.com,firefighter,9/3/1992,Male,Single,"Korea, Republic of"
Anica,Vastah,adejumodamilola3@gmail.com,developer,1/7/2015,Female,Married,Seychelles
Hannis,Genna,adejumodamilola3@gmail.com,firefighter,6/29/1932,XX,Single,France
Ira,Kare,adejumodamilola3@gmail.com,doctor,9/11/1920,XX,Widow/Widower,Russian Federation
Danika,Janith,adejumodamilola3@gmail.com,doctor,7/20/1986,Male,Single,Malawi
Brena,Philipp,adejumodamilola3@gmail.com,doctor,10/14/1953,XX,Married,Sweden
Kerrin,Francyne,adejumodamilola3@gmail.com,firefighter,10/21/1921,XX,Single,Greece
Jacquetta,Hedve,adejumodamilola3@gmail.com,developer,10/27/1926,Male,Married,Trinidad and Tobago
Johna,Yorick,adejumodamilola3@gmail.com,doctor,9/27/1958,XX,Widow/Widower,"Palestinian Territory, Occupied"
Marcelline,Harned,adejumodamilola3@gmail.com,developer,3/6/1975,XX,Single,Trinidad and Tobago
Silvana,Hillel,adejumodamilola3@gmail.com,doctor,1/19/1917,Male,Widow/Widower,Philippines
Therine,Pearse,adejumodamilola3@gmail.com,police officer,3/3/1996,Male,Widow/Widower,Nepal
Lucy,Nance,adejumodamilola3@gmail.com,worker,5/12/1911,Male,Single,Swaziland
Selma,Waite,adejumodamilola3@gmail.com,police officer,10/22/1942,XX,Widow/Widower,Guatemala
Jaime,Ariella,adejumodamilola3@gmail.com,doctor,1/8/2004,XX,Widow/Widower,Angola
Ericka,Diann,adejumodamilola3@gmail.com,police officer,1/6/1983,XX,Single,Bolivia
Gaylene,Ricarda,adejumodamilola3@gmail.com,police officer,3/29/1961,Female,Widow/Widower,Norfolk Island
Alyda,Nisbet,adejumodamilola3@gmail.com,developer,3/2/1995,XX,Widow/Widower,Gabon
Nollie,Lareena,adejumodamilola3@gmail.com,worker,7/6/2001,Female,Married,Estonia
Zsa Zsa,Thomasina,adejumodamilola3@gmail.com,worker,10/14/1959,XX,Widow/Widower,Germany
Trudie,Bettine,adejumodamilola3@gmail.com,doctor,1/1/1930,Male,Single,Ireland
Delilah,Salchunas,adejumodamilola3@gmail.com,firefighter,8/30/2015,XX,Widow/Widower,Norfolk Island
Nikki,Sadowski,adejumodamilola3@gmail.com,doctor,11/17/1900,Male,Widow/Widower,Chile
Althea,Sandye,adejumodamilola3@gmail.com,firefighter,4/21/1995,Female,Married,Venezuela
Blondelle,Pond,adejumodamilola3@gmail.com,worker,9/7/1931,Female,Single,Tunisia
Tani,Erlandson,adejumodamilola3@gmail.com,developer,9/13/1926,Female,Single,Kiribati
Dyann,Warthman,adejumodamilola3@gmail.com,worker,7/17/1907,Male,Single,Paraguay
Elora,Noam,adejumodamilola3@gmail.com,doctor,6/21/1990,XX,Married,Gambia
Lelah,Soneson,adejumodamilola3@gmail.com,doctor,3/29/1993,Female,Single,Venezuela
Angelique,Carvey,adejumodamilola3@gmail.com,worker,4/15/1986,Male,Married,Kuwait
Emma,Creamer,adejumodamilola3@gmail.com,doctor,10/29/1963,Male,Single,China
Celestyna,Jagir,adejumodamilola3@gmail.com,worker,10/11/1989,XX,Married,Antigua and Barbuda
Taffy,Kaja,adejumodamilola3@gmail.com,developer,11/18/1916,Male,Single,Wallis and Futuna
Shel,Concha,adejumodamilola3@gmail.com,police officer,12/14/1902,Male,Married,Belgium
Sophia,Ardra,adejumodamilola3@gmail.com,worker,12/3/1916,Female,Married,Svalbard and Jan Mayen
Gloria,Talia,adejumodamilola3@gmail.com,worker,8/10/1977,Male,Single,Bangladesh
Valeda,Herrera,adejumodamilola3@gmail.com,police officer,2/2/1964,XX,Widow/Widower,Puerto Rico
Clary,Eben,adejumodamilola3@gmail.com,firefighter,11/6/1918,Male,Single,Ireland
Heddie,Olympium,adejumodamilola3@gmail.com,worker,5/6/2010,Male,Married,Ireland
Leona,Florina,adejumodamilola3@gmail.com,police officer,12/30/1956,XX,Single,Falkland Islands (Malvinas)
Alisha,Gualtiero,adejumodamilola3@gmail.com,police officer,6/22/1952,Female,Widow/Widower,Tunisia
Dode,Blisse,adejumodamilola3@gmail.com,worker,6/3/1983,Female,Single,Northern Mariana Islands
Cherilyn,Shaver,adejumodamilola3@gmail.com,police officer,2/4/2009,Male,Widow/Widower,Zimbabwe
Sara-Ann,Evvie,adejumodamilola3@gmail.com,firefighter,7/27/1956,XX,Widow/Widower,Hungary
Sashenka,Carey,adejumodamilola3@gmail.com,worker,7/19/1914,XX,Single,Nicaragua
Ida,Afton,adejumodamilola3@gmail.com,firefighter,5/11/1999,Male,Widow/Widower,Solomon Islands
Brena,Goddard,adejumodamilola3@gmail.com,developer,4/11/1965,XX,Widow/Widower,"Lao People""S Democratic Republic"
Jenilee,Chobot,adejumodamilola3@gmail.com,police officer,2/1/1922,Female,Single,Svalbard and Jan Mayen
Carol-Jean,Fosque,adejumodamilola3@gmail.com,doctor,8/9/1992,Female,Widow/Widower,Algeria
Flo,Haymes,adejumodamilola3@gmail.com,police officer,3/23/1907,XX,Widow/Widower,Lesotho
Caritta,Baptlsta,adejumodamilola3@gmail.com,developer,5/25/1944,Female,Married,Malaysia
Claresta,Ardeha,adejumodamilola3@gmail.com,firefighter,7/29/1922,Female,Single,Swaziland
Mignon,Bettine,adejumodamilola3@gmail.com,police officer,7/31/1977,Male,Single,Indonesia
Maisey,Girardo,adejumodamilola3@gmail.com,firefighter,6/19/2014,XX,Widow/Widower,Kyrgyzstan
Gui,Anastatius,adejumodamilola3@gmail.com,worker,5/1/1981,Female,Single,French Guiana
Bobbi,Johnsson,adejumodamilola3@gmail.com,developer,4/20/1982,Female,Single,Antigua and Barbuda
Loree,Naor,adejumodamilola3@gmail.com,developer,5/6/1928,Male,Widow/Widower,Tokelau
Rhea,Suk,adejumodamilola3@gmail.com,developer,5/25/2010,Female,Single,Kuwait
Micheline,Halsey,adejumodamilola3@gmail.com,firefighter,12/16/2016,Male,Single,Eritrea
Tracey,Sheng,adejumodamilola3@gmail.com,developer,5/7/1996,Female,Widow/Widower,Fiji
Elena,Cavan,adejumodamilola3@gmail.com,police officer,1/17/1930,Female,Single,Japan
Cherrita,Stav,adejumodamilola3@gmail.com,worker,6/27/1960,Male,Single,Slovakia
Alameda,Warthman,adejumodamilola3@gmail.com,worker,3/21/1927,Male,Widow/Widower,New Caledonia
June,Firmin,adejumodamilola3@gmail.com,developer,4/2/1937,XX,Single,Reunion
Jenilee,Tjon,adejumodamilola3@gmail.com,police officer,1/17/1941,XX,Married,Hungary
Anestassia,Rese,adejumodamilola3@gmail.com,worker,1/3/1969,Female,Widow/Widower,Malaysia
Sabina,Ariella,adejumodamilola3@gmail.com,worker,8/5/2017,Female,Single,Colombia
Bill,Krystle,adejumodamilola3@gmail.com,police officer,6/29/1915,XX,Married,Antarctica
Jaclyn,Strephon,adejumodamilola3@gmail.com,developer,11/22/1971,Female,Married,Saudi Arabia
Nita,Angelis,adejumodamilola3@gmail.com,firefighter,9/7/1963,Male,Widow/Widower,"Lao People""S Democratic Republic"
Maridel,Cherianne,adejumodamilola3@gmail.com,police officer,11/24/2007,Female,Married,Monaco
Ardys,Koziara,adejumodamilola3@gmail.com,police officer,6/22/1910,Female,Single,Bulgaria
Gretal,Geffner,adejumodamilola3@gmail.com,developer,1/11/1901,Male,Single,Cyprus
Gui,Brodench,adejumodamilola3@gmail.com,developer,7/17/1924,XX,Single,Bermuda
Sean,Faust,adejumodamilola3@gmail.com,police officer,8/2/1984,Male,Widow/Widower,Ghana
Madalyn,Redmond,adejumodamilola3@gmail.com,police officer,12/17/2000,Male,Single,Egypt
Micheline,Wandie,adejumodamilola3@gmail.com,worker,3/24/2013,XX,Married,Slovakia
Ofilia,Maples,adejumodamilola3@gmail.com,firefighter,2/18/1991,XX,Married,Brunei Darussalam
Silvana,Oster,adejumodamilola3@gmail.com,firefighter,10/30/1992,XX,Widow/Widower,Mauritius
Regina,Pozzy,adejumodamilola3@gmail.com,firefighter,5/7/2006,Male,Single,Belgium
Brooks,Carey,adejumodamilola3@gmail.com,doctor,2/2/1985,Female,Widow/Widower,Faroe Islands
Elbertina,Shirberg,adejumodamilola3@gmail.com,developer,10/12/1927,Female,Married,Isle of Man
Shauna,Zachary,adejumodamilola3@gmail.com,doctor,6/23/1937,Male,Widow/Widower,Honduras
Lorie,Kiyoshi,adejumodamilola3@gmail.com,firefighter,12/17/1924,Male,Single,Japan
Delilah,Thar,adejumodamilola3@gmail.com,worker,2/11/1904,XX,Single,Namibia
Johna,Natica,adejumodamilola3@gmail.com,doctor,5/28/1902,Male,Married,Anguilla
Florie,Hollingsworth,adejumodamilola3@gmail.com,worker,11/18/1986,XX,Single,Kazakhstan
Dacia,Lilas,adejumodamilola3@gmail.com,worker,6/19/2013,Female,Married,Sweden
Olivette,Cadmar,adejumodamilola3@gmail.com,developer,4/14/1922,Male,Widow/Widower,Singapore
Rosanne,Killigrew,adejumodamilola3@gmail.com,police officer,3/9/1921,XX,Single,Guatemala
Beatriz,Allina,adejumodamilola3@gmail.com,developer,12/24/1946,Female,Widow/Widower,Canada
Jenda,Krystle,adejumodamilola3@gmail.com,worker,12/3/1976,XX,Married,Mauritania
Almeta,Behre,adejumodamilola3@gmail.com,firefighter,10/22/2000,Female,Widow/Widower,United States
Rivalee,Koziara,adejumodamilola3@gmail.com,worker,7/22/1963,Female,Widow/Widower,British Indian Ocean Territory
Zia,Hathaway,adejumodamilola3@gmail.com,police officer,11/30/1983,Male,Single,Uzbekistan
Juliane,Decato,adejumodamilola3@gmail.com,doctor,10/11/2015,Female,Single,Armenia
Caressa,Bergman,adejumodamilola3@gmail.com,worker,11/28/1937,Female,Single,Ghana
Corina,Eldrid,adejumodamilola3@gmail.com,developer,4/4/1913,Female,Widow/Widower,Bahrain
Rochette,Yorick,adejumodamilola3@gmail.com,developer,10/25/1970,Male,Single,Croatia
Nanete,Mitzi,adejumodamilola3@gmail.com,firefighter,10/8/2005,Male,Married,Japan
Roz,Elvyn,adejumodamilola3@gmail.com,firefighter,11/11/1947,Male,Married,Nigeria
Dolli,Pernick,adejumodamilola3@gmail.com,doctor,11/8/1956,Male,Married,Guyana
Paulita,Winthorpe,adejumodamilola3@gmail.com,developer,12/24/1970,XX,Widow/Widower,Viet Nam
Tamqrah,Kolnick,adejumodamilola3@gmail.com,worker,11/17/1966,Female,Single,Sierra Leone
Wileen,Grobe,adejumodamilola3@gmail.com,doctor,9/23/2016,Male,Single,Georgia
Lolita,Hurley,adejumodamilola3@gmail.com,police officer,3/24/1947,Female,Widow/Widower,Singapore
Zsa Zsa,Jillane,adejumodamilola3@gmail.com,police officer,5/4/1940,Female,Married,Macao
Harrietta,Colp,adejumodamilola3@gmail.com,doctor,2/8/2005,Female,Single,Croatia
Ekaterina,Hermes,adejumodamilola3@gmail.com,police officer,2/13/2015,Female,Widow/Widower,Tokelau
Dorice,Emanuel,adejumodamilola3@gmail.com,developer,6/11/2005,Male,Widow/Widower,Lesotho
Sara-Ann,Jary,adejumodamilola3@gmail.com,worker,6/19/1989,Female,Single,Albania
Malina,Flita,adejumodamilola3@gmail.com,developer,5/3/1908,XX,Widow/Widower,Antarctica
Kate,Sheng,adejumodamilola3@gmail.com,worker,10/14/1969,Male,Single,Kyrgyzstan
Rosanne,Allare,adejumodamilola3@gmail.com,doctor,10/30/2019,Male,Married,Turkey
Krystle,Lymann,adejumodamilola3@gmail.com,firefighter,12/5/1921,Female,Widow/Widower,New Caledonia
Eve,Junie,adejumodamilola3@gmail.com,doctor,5/11/1959,Male,Widow/Widower,Mali
Andeee,Sabella,adejumodamilola3@gmail.com,developer,1/25/1983,XX,Single,"Cote D""Ivoire"
Elyssa,Eachern,adejumodamilola3@gmail.com,police officer,12/27/1990,Female,Married,Somalia
Chandra,Iaverne,adejumodamilola3@gmail.com,police officer,9/16/1939,Male,Married,Montserrat
Averyl,Goddard,adejumodamilola3@gmail.com,firefighter,7/28/1905,XX,Widow/Widower,Pakistan
Codie,Dimitris,adejumodamilola3@gmail.com,firefighter,12/23/1946,XX,Widow/Widower,Mexico
Leeanne,Jerald,adejumodamilola3@gmail.com,firefighter,10/10/1945,Female,Single,Bermuda
Janey,Elisha,adejumodamilola3@gmail.com,worker,6/7/1914,Female,Widow/Widower,Uganda
Chrystel,Rosemary,adejumodamilola3@gmail.com,police officer,5/22/1930,XX,Married,Wallis and Futuna
Cam,Waite,adejumodamilola3@gmail.com,doctor,11/11/1930,Female,Married,"Virgin Islands, British"
Lorne,Candy,adejumodamilola3@gmail.com,police officer,4/28/1912,Female,Married,Tuvalu
Genevra,Francene,adejumodamilola3@gmail.com,firefighter,7/30/1986,XX,Married,Haiti
Kirstin,Constancy,adejumodamilola3@gmail.com,firefighter,3/31/1910,Female,Single,Slovakia
Alejandra,Philoo,adejumodamilola3@gmail.com,police officer,4/16/1925,XX,Widow/Widower,Mali
Sibella,Klemperer,adejumodamilola3@gmail.com,developer,5/10/1900,Male,Single,Barbados
Correy,Forrer,adejumodamilola3@gmail.com,police officer,11/16/1981,Male,Single,Oman
Janeczka,Valoniah,adejumodamilola3@gmail.com,police officer,10/2/1958,Female,Single,Ghana
Carree,Nerita,adejumodamilola3@gmail.com,police officer,3/23/1926,Female,Widow/Widower,Lithuania
Lila,Oscar,adejumodamilola3@gmail.com,developer,11/6/1956,Male,Widow/Widower,Grenada
Joceline,Clywd,adejumodamilola3@gmail.com,developer,8/6/1937,Female,Single,Honduras
Isa,Federica,adejumodamilola3@gmail.com,doctor,7/31/1972,Female,Married,Yemen
Elsie,Jefferey,adejumodamilola3@gmail.com,worker,7/18/1957,Female,Widow/Widower,Reunion
Edyth,Slifka,adejumodamilola3@gmail.com,developer,10/18/1953,Male,Widow/Widower,Belgium
Riannon,Goddard,adejumodamilola3@gmail.com,firefighter,9/1/2000,Male,Single,"Korea, Republic of"
Dania,Lory,adejumodamilola3@gmail.com,police officer,10/12/1997,Male,Widow/Widower,Antarctica
Ariela,Carri,adejumodamilola3@gmail.com,firefighter,9/6/1911,Male,Widow/Widower,Pitcairn
Cordi,Hailee,adejumodamilola3@gmail.com,police officer,1/13/1969,Female,Widow/Widower,Guadeloupe
Romona,Hieronymus,adejumodamilola3@gmail.com,doctor,12/2/1925,Male,Single,Vanuatu
Goldie,Alcott,adejumodamilola3@gmail.com,doctor,7/5/1967,Female,Single,Armenia
Brianna,Janith,adejumodamilola3@gmail.com,worker,3/14/1927,XX,Married,Montserrat
Frances,Reinke,adejumodamilola3@gmail.com,firefighter,9/21/1948,XX,Widow/Widower,Bangladesh
Averyl,Atcliffe,adejumodamilola3@gmail.com,developer,6/15/1914,XX,Widow/Widower,Reunion
Inga,Grosz,adejumodamilola3@gmail.com,firefighter,11/1/1979,Female,Single,Cook Islands
Augustine,Ioab,adejumodamilola3@gmail.com,firefighter,7/25/1900,XX,Widow/Widower,Lithuania
Jolyn,Beebe,adejumodamilola3@gmail.com,worker,8/11/2011,XX,Married,Grenada
Feliza,Cosenza,adejumodamilola3@gmail.com,doctor,6/1/1943,Male,Single,Vanuatu
Amii,Cutlerr,adejumodamilola3@gmail.com,doctor,6/28/1900,XX,Married,Sweden
Carol-Jean,Mott,adejumodamilola3@gmail.com,police officer,2/19/2009,Female,Single,Western Sahara
Addia,Adalbert,adejumodamilola3@gmail.com,worker,8/1/1958,Female,Married,Martinique
Sam,Faust,adejumodamilola3@gmail.com,worker,4/15/1955,XX,Single,Swaziland
Leeanne,Holbrook,adejumodamilola3@gmail.com,police officer,2/15/2004,XX,Married,China
Annora,Jena,adejumodamilola3@gmail.com,developer,10/9/1917,XX,Married,AndorrA
Lila,My,adejumodamilola3@gmail.com,developer,10/8/1989,Female,Married,Papua New Guinea
Vevay,Stilwell,adejumodamilola3@gmail.com,firefighter,8/29/1938,XX,Single,Azerbaijan
Lory,Stacy,adejumodamilola3@gmail.com,developer,2/17/1925,Female,Widow/Widower,Iceland
Donetta,Westphal,adejumodamilola3@gmail.com,doctor,5/22/1961,Female,Single,Bahamas
Jolyn,Dudley,adejumodamilola3@gmail.com,developer,11/1/1953,XX,Widow/Widower,Paraguay
Hope,Saunderson,adejumodamilola3@gmail.com,worker,7/22/1956,XX,Widow/Widower,Nepal
Jobi,Annice,adejumodamilola3@gmail.com,worker,9/13/2003,XX,Single,Ethiopia
Stevana,Sundin,adejumodamilola3@gmail.com,police officer,1/22/1963,Male,Married,Norfolk Island
Annabela,Bashemeth,adejumodamilola3@gmail.com,firefighter,1/24/1959,Male,Single,Myanmar
Marita,Croix,adejumodamilola3@gmail.com,developer,9/4/1943,Male,Single,Northern Mariana Islands
Shannah,Pettiford,adejumodamilola3@gmail.com,worker,11/28/1968,Female,Married,"Moldova, Republic of"
Dorice,Masao,adejumodamilola3@gmail.com,doctor,10/24/1927,Male,Married,"Virgin Islands, U.S."
Romona,Dorothy,adejumodamilola3@gmail.com,doctor,4/9/1966,Male,Single,"Macedonia, The Former Yugoslav Republic of"
Sashenka,Bebe,adejumodamilola3@gmail.com,worker,12/25/2003,Male,Widow/Widower,"Macedonia, The Former Yugoslav Republic of"
Heddie,Alarise,adejumodamilola3@gmail.com,worker,6/2/1942,Female,Married,"Virgin Islands, U.S."
Angela,Friede,adejumodamilola3@gmail.com,doctor,2/8/1906,XX,Single,Bosnia and Herzegovina
Kristan,Rustice,adejumodamilola3@gmail.com,firefighter,10/24/1922,Male,Widow/Widower,"Virgin Islands, U.S."
Flory,Shaver,adejumodamilola3@gmail.com,police officer,8/8/2018,XX,Single,Nauru
Luci,Daegal,adejumodamilola3@gmail.com,firefighter,3/29/1993,Female,Single,Lebanon
Lilith,Knowling,adejumodamilola3@gmail.com,police officer,5/26/1913,XX,Single,Cayman Islands
Joleen,Hashim,adejumodamilola3@gmail.com,doctor,6/13/1996,Male,Widow/Widower,United Arab Emirates
Agnese,Havens,adejumodamilola3@gmail.com,worker,6/14/1924,Male,Single,Antarctica
Ricky,Meter,adejumodamilola3@gmail.com,developer,3/4/1900,XX,Married,Mayotte
Jenilee,Arvo,adejumodamilola3@gmail.com,developer,12/10/1919,Female,Widow/Widower,Grenada
Aeriela,Phyllis,adejumodamilola3@gmail.com,firefighter,8/27/1971,XX,Single,China
Viki,Salchunas,adejumodamilola3@gmail.com,worker,12/1/1916,XX,Single,Bahamas
Emmey,Ciro,adejumodamilola3@gmail.com,police officer,12/26/1940,Male,Married,Nicaragua
Chrystel,Tillford,adejumodamilola3@gmail.com,doctor,10/3/1924,Male,Widow/Widower,Germany
Angelique,McGrody,adejumodamilola3@gmail.com,developer,2/12/1907,Female,Married,Saint Helena
Adelle,Natica,adejumodamilola3@gmail.com,police officer,12/3/1996,XX,Married,Israel
Viki,Cloris,adejumodamilola3@gmail.com,firefighter,4/8/1998,Female,Single,Viet Nam
Courtnay,Lay,adejumodamilola3@gmail.com,worker,9/15/1957,Female,Single,Bahrain
Chere,Ludewig,adejumodamilola3@gmail.com,firefighter,1/29/1947,Female,Single,"Palestinian Territory, Occupied"
Charissa,Pascia,adejumodamilola3@gmail.com,firefighter,11/29/1919,XX,Married,Jamaica
Orelia,Harl,adejumodamilola3@gmail.com,firefighter,5/17/1941,XX,Single,Bermuda
Quintina,Wadell,adejumodamilola3@gmail.com,police officer,1/21/1972,Female,Single,Sri Lanka
Kamilah,Genna,adejumodamilola3@gmail.com,developer,9/2/1970,XX,Married,Monaco
Jillayne,Louanna,adejumodamilola3@gmail.com,firefighter,12/21/1997,Male,Married,Antigua and Barbuda
Frieda,Anselmi,adejumodamilola3@gmail.com,firefighter,1/5/1997,Male,Married,Qatar
Stevana,Monaco,adejumodamilola3@gmail.com,police officer,11/25/1905,Male,Widow/Widower,Kazakhstan
Loree,Llovera,adejumodamilola3@gmail.com,police officer,12/21/1941,Female,Widow/Widower,Gabon
Roseline,Lindemann,adejumodamilola3@gmail.com,worker,1/20/2014,XX,Single,Saint Kitts and Nevis
Constance,Masao,adejumodamilola3@gmail.com,doctor,8/6/1973,XX,Married,Bolivia
Patricia,Dielu,adejumodamilola3@gmail.com,developer,5/12/1968,Female,Married,Serbia and Montenegro
Gusella,Duwalt,adejumodamilola3@gmail.com,doctor,3/13/1981,Female,Married,Tonga
Atlanta,Wind,adejumodamilola3@gmail.com,doctor,12/19/1911,Male,Widow/Widower,Belgium
Dione,Maiah,adejumodamilola3@gmail.com,police officer,12/15/1908,Female,Single,Maldives
Cassondra,Hilbert,adejumodamilola3@gmail.com,firefighter,10/6/1975,XX,Widow/Widower,"Congo, The Democratic Republic of the"
Aigneis,Alexandr,adejumodamilola3@gmail.com,doctor,2/13/1957,XX,Widow/Widower,Saint Vincent and the Grenadines
Corene,Monk,adejumodamilola3@gmail.com,firefighter,10/16/1906,Female,Single,Mali
Sean,Klotz,adejumodamilola3@gmail.com,worker,12/7/1933,Male,Single,"Taiwan, Province of China"
Myriam,Kaete,adejumodamilola3@gmail.com,worker,6/26/1937,Male,Widow/Widower,Pakistan
Lila,Tengdin,adejumodamilola3@gmail.com,firefighter,7/27/1941,Male,Single,Isle of Man
Joelly,Westphal,adejumodamilola3@gmail.com,doctor,6/20/1910,Male,Single,New Caledonia
Anallese,Stav,adejumodamilola3@gmail.com,worker,4/20/1936,Male,Married,Senegal
Dulce,Yusuk,adejumodamilola3@gmail.com,doctor,10/30/2004,XX,Married,Liberia
Louella,McGrody,adejumodamilola3@gmail.com,developer,6/30/1948,Male,Widow/Widower,Turkey
Jere,Dearborn,adejumodamilola3@gmail.com,worker,11/22/1937,Female,Widow/Widower,Philippines
Fredericka,Saint,adejumodamilola3@gmail.com,worker,8/6/2015,XX,Married,Germany
Michaelina,Beebe,adejumodamilola3@gmail.com,police officer,11/30/1939,XX,Widow/Widower,United Arab Emirates
Dianemarie,Colleen,adejumodamilola3@gmail.com,firefighter,6/24/2009,Male,Widow/Widower,Bahamas
Cecile,Ethban,adejumodamilola3@gmail.com,worker,11/16/1907,XX,Married,Saint Kitts and Nevis
Myrtice,Nerita,adejumodamilola3@gmail.com,developer,9/10/2019,Male,Widow/Widower,Saint Pierre and Miquelon
Correy,Woodberry,adejumodamilola3@gmail.com,doctor,5/8/1950,Female,Married,Uruguay
Gloria,Carbo,adejumodamilola3@gmail.com,police officer,3/12/1953,Male,Widow/Widower,Finland
Katharina,Papageno,adejumodamilola3@gmail.com,worker,5/16/1914,XX,Widow/Widower,Egypt
Lory,Rolf,adejumodamilola3@gmail.com,doctor,9/1/1927,Female,Married,Bermuda
Jenda,Alwin,adejumodamilola3@gmail.com,firefighter,4/6/2015,Male,Single,Grenada
Adore,Haymes,adejumodamilola3@gmail.com,doctor,9/10/1926,Female,Single,Togo
Alisha,Brittani,adejumodamilola3@gmail.com,doctor,2/15/1985,Female,Married,Aruba
Tabbatha,Sholley,adejumodamilola3@gmail.com,worker,3/6/2008,Female,Married,Timor-Leste
Chandra,Rocray,adejumodamilola3@gmail.com,police officer,5/25/1946,Male,Married,Barbados
Daphne,Zola,adejumodamilola3@gmail.com,developer,9/20/2015,Male,Widow/Widower,South Georgia and the South Sandwich Islands
Nelle,Buttaro,adejumodamilola3@gmail.com,doctor,4/21/1915,Male,Single,United Arab Emirates
Nadine,Adlare,adejumodamilola3@gmail.com,worker,12/5/1932,XX,Single,Greenland
Lelah,Brian,adejumodamilola3@gmail.com,worker,12/30/1986,XX,Married,Mauritania
Nadine,Fancie,adejumodamilola3@gmail.com,police officer,2/15/1925,XX,Widow/Widower,Malta
Rori,Seessel,adejumodamilola3@gmail.com,firefighter,2/28/1902,Male,Single,Guinea-Bissau
Jasmina,Juliet,adejumodamilola3@gmail.com,developer,5/24/1980,Female,Single,Bouvet Island
Clary,Shaver,adejumodamilola3@gmail.com,firefighter,2/8/1948,XX,Widow/Widower,Cayman Islands
Robinia,Malvino,adejumodamilola3@gmail.com,police officer,2/19/1985,Female,Married,Fiji
Cacilie,Dawkins,adejumodamilola3@gmail.com,doctor,9/9/1996,Male,Married,Paraguay
Tressa,Arne,adejumodamilola3@gmail.com,doctor,7/14/1993,XX,Single,Philippines
Karena,Nance,adejumodamilola3@gmail.com,doctor,10/31/1969,XX,Married,Serbia and Montenegro
Lynnea,Gemini,adejumodamilola3@gmail.com,police officer,7/11/1900,Male,Single,Viet Nam
Genovera,Keily,adejumodamilola3@gmail.com,developer,2/17/1954,Female,Widow/Widower,Hong Kong
Mary,Baudin,adejumodamilola3@gmail.com,doctor,6/2/2009,Male,Single,Senegal
Eadie,Daniele,adejumodamilola3@gmail.com,worker,8/17/2016,Male,Widow/Widower,Portugal
Elbertina,Nedrud,adejumodamilola3@gmail.com,police officer,2/25/1964,XX,Single,Malawi
Emma,Secrest,adejumodamilola3@gmail.com,firefighter,8/6/1939,XX,Single,Sweden
Carolina,Stefa,adejumodamilola3@gmail.com,police officer,3/6/1944,XX,Married,Argentina
Dode,Brandice,adejumodamilola3@gmail.com,worker,6/28/1907,Female,Married,American Samoa
Corina,Strephon,adejumodamilola3@gmail.com,doctor,7/17/1945,Male,Widow/Widower,Cayman Islands
Kirbee,Ranjiv,adejumodamilola3@gmail.com,worker,11/3/2016,Male,Married,Bahrain
Rayna,Fiann,adejumodamilola3@gmail.com,police officer,11/28/1957,Male,Single,Zambia
Elie,Arvo,adejumodamilola3@gmail.com,police officer,8/23/1958,Male,Widow/Widower,Anguilla
Cristine,Lynn,adejumodamilola3@gmail.com,developer,8/27/2013,Male,Single,Italy
Cassondra,Payson,adejumodamilola3@gmail.com,worker,1/2/1924,Female,Widow/Widower,Jamaica
Jsandye,Yate,adejumodamilola3@gmail.com,developer,2/14/1966,Male,Widow/Widower,"Palestinian Territory, Occupied"
Sadie,Sancho,adejumodamilola3@gmail.com,developer,3/8/1965,Male,Single,Reunion
Sean,Janith,adejumodamilola3@gmail.com,developer,11/13/1983,XX,Married,"Palestinian Territory, Occupied"
Sherrie,Tryck,adejumodamilola3@gmail.com,worker,5/22/1970,XX,Widow/Widower,Cape Verde
Lorne,Nerita,adejumodamilola3@gmail.com,firefighter,10/9/1989,Male,Single,Faroe Islands
Cherrita,Curren,adejumodamilola3@gmail.com,firefighter,2/3/2009,Female,Widow/Widower,Finland
Oralee,Atcliffe,adejumodamilola3@gmail.com,doctor,4/9/2001,Male,Married,San Marino
Lita,Lail,adejumodamilola3@gmail.com,police officer,2/15/1991,XX,Single,Bosnia and Herzegovina
Alexine,Glovsky,adejumodamilola3@gmail.com,developer,6/11/1944,XX,Widow/Widower,Botswana
Nariko,Joseph,adejumodamilola3@gmail.com,police officer,8/14/1916,XX,Married,Western Sahara
Karolina,Palocz,adejumodamilola3@gmail.com,doctor,1/30/1940,Male,Single,Poland
Alia,Carey,adejumodamilola3@gmail.com,developer,5/9/1988,Male,Married,Haiti
Doralynne,Orelee,adejumodamilola3@gmail.com,developer,5/23/1902,Female,Single,Dominica
Lesly,Berard,adejumodamilola3@gmail.com,police officer,6/30/1980,Male,Single,Haiti
Marnia,Pauly,adejumodamilola3@gmail.com,worker,11/19/1963,Female,Widow/Widower,Egypt
Jackie,Bow,adejumodamilola3@gmail.com,worker,11/10/1928,Male,Married,Nauru
Nicoli,Tippets,adejumodamilola3@gmail.com,firefighter,7/8/2012,XX,Married,South Africa
Lorie,Joseph,adejumodamilola3@gmail.com,doctor,9/18/1987,Female,Widow/Widower,Falkland Islands (Malvinas)
Jemie,Dichy,adejumodamilola3@gmail.com,police officer,10/17/1998,Male,Single,"Virgin Islands, U.S."
Maye,Wenoa,adejumodamilola3@gmail.com,firefighter,5/1/2000,XX,Married,Western Sahara
Emelina,Mallon,adejumodamilola3@gmail.com,police officer,5/6/1958,XX,Widow/Widower,Sao Tome and Principe
Konstance,Creamer,adejumodamilola3@gmail.com,developer,4/17/1915,XX,Married,Nigeria
Emylee,Stevy,adejumodamilola3@gmail.com,worker,12/17/1983,XX,Single,Guernsey
Elvira,Wu,adejumodamilola3@gmail.com,worker,6/4/1974,XX,Married,Togo
Candy,Kirbee,adejumodamilola3@gmail.com,doctor,12/27/1931,Male,Married,Puerto Rico
Drucie,Fiann,adejumodamilola3@gmail.com,worker,2/25/1944,Male,Widow/Widower,Bermuda
Belinda,Standing,adejumodamilola3@gmail.com,doctor,11/16/1900,Male,Married,Northern Mariana Islands
Meriel,Stanwood,adejumodamilola3@gmail.com,doctor,6/15/1906,XX,Single,Mongolia
Lisette,Brandice,adejumodamilola3@gmail.com,developer,10/6/1987,Male,Widow/Widower,Germany
Benita,Oster,adejumodamilola3@gmail.com,firefighter,3/9/2015,Male,Married,Faroe Islands
Edyth,Kaete,adejumodamilola3@gmail.com,doctor,3/22/1975,Male,Widow/Widower,"Iran, Islamic Republic Of"
Dawn,Brian,adejumodamilola3@gmail.com,worker,7/15/1927,XX,Married,Faroe Islands
Queenie,Khorma,adejumodamilola3@gmail.com,firefighter,10/19/1972,Male,Widow/Widower,Tajikistan
Annecorinne,Taam,adejumodamilola3@gmail.com,firefighter,10/10/1936,XX,Single,Saint Pierre and Miquelon
Helena,Haldas,adejumodamilola3@gmail.com,firefighter,8/31/1968,Male,Married,Kenya
Ricky,Azeria,adejumodamilola3@gmail.com,doctor,11/1/1983,Male,Married,Saint Pierre and Miquelon
Nariko,Tybald,adejumodamilola3@gmail.com,police officer,11/3/1946,Female,Widow/Widower,Bolivia
Rori,Chaing,adejumodamilola3@gmail.com,doctor,6/7/1945,Female,Married,American Samoa
Riannon,Munn,adejumodamilola3@gmail.com,developer,8/24/2000,Female,Single,South Georgia and the South Sandwich Islands
Joceline,Carey,adejumodamilola3@gmail.com,developer,12/28/1932,Female,Married,Pakistan
Robinia,Harl,adejumodamilola3@gmail.com,developer,11/22/2017,Male,Single,Bouvet Island
Judy,Ardra,adejumodamilola3@gmail.com,developer,8/14/2016,XX,Married,Ecuador
Consuela,Strephon,adejumodamilola3@gmail.com,police officer,4/25/1917,Male,Widow/Widower,Congo
Corry,Gino,adejumodamilola3@gmail.com,developer,10/12/1911,Female,Married,"Taiwan, Province of China"
Renie,Schenck,adejumodamilola3@gmail.com,worker,10/19/1957,Female,Widow/Widower,Comoros
Hyacinthe,Schenck,adejumodamilola3@gmail.com,doctor,10/12/1933,Female,Widow/Widower,Lebanon
Tamqrah,Margret,adejumodamilola3@gmail.com,firefighter,11/30/1923,XX,Single,"Congo, The Democratic Republic of the"
Pearline,Narton,adejumodamilola3@gmail.com,firefighter,3/11/1921,XX,Married,Ecuador
Jacenta,Bow,adejumodamilola3@gmail.com,worker,3/19/1919,XX,Single,British Indian Ocean Territory
Sidoney,Bates,adejumodamilola3@gmail.com,developer,9/14/1953,XX,Married,Montserrat
Emmey,Cleo,adejumodamilola3@gmail.com,police officer,1/27/1903,XX,Married,Congo
Fernande,Gualtiero,adejumodamilola3@gmail.com,firefighter,9/16/1919,Female,Married,French Southern Territories
Miquela,Kesley,adejumodamilola3@gmail.com,police officer,4/13/2006,Male,Widow/Widower,Sierra Leone
Kellen,Pozzy,adejumodamilola3@gmail.com,doctor,7/25/1907,XX,Single,Slovakia
Sibella,Giule,adejumodamilola3@gmail.com,developer,1/27/1944,Female,Single,Madagascar
Correy,Capello,adejumodamilola3@gmail.com,worker,8/25/1958,Female,Widow/Widower,Monaco
Kylynn,Thornburg,adejumodamilola3@gmail.com,doctor,5/8/1960,Female,Married,Netherlands Antilles
Stacey,Lory,adejumodamilola3@gmail.com,doctor,2/6/1927,XX,Widow/Widower,Guernsey
Jan,Cassius,adejumodamilola3@gmail.com,police officer,8/21/2008,XX,Widow/Widower,Bosnia and Herzegovina
Allis,Azeria,adejumodamilola3@gmail.com,worker,11/3/1964,XX,Single,Sri Lanka
Yvonne,Delacourt,adejumodamilola3@gmail.com,worker,2/25/1917,Female,Married,Macao
Cam,Hailee,adejumodamilola3@gmail.com,doctor,9/30/2007,XX,Single,Honduras
Almeta,Warthman,adejumodamilola3@gmail.com,police officer,8/26/2012,XX,Single,Sierra Leone
Goldie,Stelle,adejumodamilola3@gmail.com,doctor,4/25/1970,Male,Married,Guam
Belva,Fancie,adejumodamilola3@gmail.com,firefighter,2/21/2014,Male,Widow/Widower,Cayman Islands
Flo,Denis,adejumodamilola3@gmail.com,firefighter,7/14/2018,Male,Widow/Widower,Cook Islands
Myrtice,Blake,adejumodamilola3@gmail.com,firefighter,2/11/1945,Male,Married,Australia
Elfreda,Standing,adejumodamilola3@gmail.com,developer,8/30/1923,XX,Married,Sudan
Starla,McNully,adejumodamilola3@gmail.com,police officer,9/11/2001,Female,Married,Uruguay
Hermione,Winthorpe,adejumodamilola3@gmail.com,developer,4/24/1969,Female,Widow/Widower,Georgia
Addia,Justinn,adejumodamilola3@gmail.com,worker,3/30/1930,XX,Single,Armenia
Wileen,Wattenberg,adejumodamilola3@gmail.com,doctor,3/24/1990,Female,Single,Morocco
Abbie,Malvino,adejumodamilola3@gmail.com,doctor,5/15/2009,Male,Widow/Widower,Estonia
Paule,Hilbert,adejumodamilola3@gmail.com,worker,9/15/1983,Male,Single,Equatorial Guinea
Valli,Curren,adejumodamilola3@gmail.com,doctor,9/1/2012,Female,Married,Kenya
Cristine,Jena,adejumodamilola3@gmail.com,developer,8/18/2009,Male,Widow/Widower,Tunisia
Fred,Fabiola,adejumodamilola3@gmail.com,police officer,11/25/2004,XX,Single,Afghanistan
Lita,Emmy,adejumodamilola3@gmail.com,doctor,3/27/1929,Female,Single,Belgium
Estell,Jacqui,adejumodamilola3@gmail.com,worker,5/15/1979,XX,Widow/Widower,Cook Islands
Trixi,O'Neill,adejumodamilola3@gmail.com,doctor,1/21/1930,Male,Single,Serbia and Montenegro
Lila,Stefa,adejumodamilola3@gmail.com,police officer,9/9/2008,Female,Single,Uganda
Veda,Reidar,adejumodamilola3@gmail.com,worker,9/20/1994,Female,Married,Slovakia
Brooks,Halsey,adejumodamilola3@gmail.com,police officer,8/28/2007,Female,Married,"Congo, The Democratic Republic of the"
Corene,Fosque,adejumodamilola3@gmail.com,firefighter,2/15/2015,XX,Widow/Widower,Turks and Caicos Islands
Fawne,Dyche,adejumodamilola3@gmail.com,police officer,7/22/1937,XX,Widow/Widower,Dominican Republic
Blake,Charity,adejumodamilola3@gmail.com,worker,7/14/1982,Male,Married,Benin
Addia,Ehrman,adejumodamilola3@gmail.com,worker,1/3/1907,Female,Widow/Widower,Jordan
Nataline,Ajay,adejumodamilola3@gmail.com,police officer,8/6/1953,Male,Single,Central African Republic
Mildrid,Ariella,adejumodamilola3@gmail.com,doctor,2/6/1915,XX,Married,Gabon
Sindee,Sawtelle,adejumodamilola3@gmail.com,firefighter,2/28/1946,XX,Single,Seychelles
Meriel,Autrey,adejumodamilola3@gmail.com,police officer,10/28/1910,XX,Widow/Widower,Benin
Misha,Ietta,adejumodamilola3@gmail.com,worker,12/27/1909,XX,Single,Malta
Olivette,Louanna,adejumodamilola3@gmail.com,developer,3/1/1958,Male,Married,American Samoa
Cordi,Anderea,adejumodamilola3@gmail.com,professor,6/16/2009,Male,Single,Svalbard and Jan Mayen
Aeriela,Alejoa,adejumodamilola3@gmail.com,police officer,7/22/2008,XX,Single,Hong Kong
Hyacinthe,Jacinda,adejumodamilola3@gmail.com,worker,9/26/1977,Female,Single,Oman
Nananne,My,adejumodamilola3@gmail.com,police officer,7/9/1929,Female,Married,Wallis and Futuna
Ezmeralda,Dalli,adejumodamilola3@gmail.com,worker,1/20/2010,Male,Married,Benin
Drucie,Robertson,adejumodamilola3@gmail.com,firefighter,4/14/1942,Male,Widow/Widower,Oman
Tiffie,Gualtiero,adejumodamilola3@gmail.com,doctor,2/1/2018,XX,Single,Ethiopia
Ricky,Caitlin,adejumodamilola3@gmail.com,police officer,10/1/1977,Female,Widow/Widower,Hungary
Feliza,Alcott,adejumodamilola3@gmail.com,doctor,7/17/2013,XX,Widow/Widower,"Lao People""S Democratic Republic"
